-- phpMyAdmin SQL Dump
-- version 4.6.4
-- https://www.phpmyadmin.net/
--
-- Client :  127.0.0.1
-- Généré le :  Jeu 25 Juillet 2019 à 15:00
-- Version du serveur :  5.7.14
-- Version de PHP :  5.6.25

SET SQL_MODE = "NO_AUTO_VALUE_ON_ZERO";
SET time_zone = "+00:00";


/*!40101 SET @OLD_CHARACTER_SET_CLIENT=@@CHARACTER_SET_CLIENT */;
/*!40101 SET @OLD_CHARACTER_SET_RESULTS=@@CHARACTER_SET_RESULTS */;
/*!40101 SET @OLD_COLLATION_CONNECTION=@@COLLATION_CONNECTION */;
/*!40101 SET NAMES utf8mb4 */;

--
-- Base de données :  `imoges`
--

-- --------------------------------------------------------

--
-- Structure de la table `libraries`
--

CREATE TABLE `libraries` (
  `id` int(11) NOT NULL,
  `library_media_name` varchar(100) DEFAULT NULL,
  `library_media_type` varchar(30) DEFAULT NULL,
  `library_media_extension` varchar(5) DEFAULT NULL,
  `library_media_param` varchar(100) DEFAULT NULL,
  `library_media_order` int(11) DEFAULT NULL,
  `library_media_size` float DEFAULT NULL,
  `library_media_resource` varchar(15) DEFAULT NULL,
  `library_media_url` varchar(150) DEFAULT NULL,
  `library_media_hash` varchar(12) DEFAULT NULL,
  `createdAt` datetime NOT NULL,
  `updatedAt` datetime NOT NULL,
  `LibrarycategoryId` int(11) DEFAULT NULL,
  `UserId` int(11) DEFAULT NULL
) ENGINE=InnoDB DEFAULT CHARSET=utf8mb4;

--
-- Contenu de la table `libraries`
--

INSERT INTO `libraries` (`id`, `library_media_name`, `library_media_type`, `library_media_extension`, `library_media_param`, `library_media_order`, `library_media_size`, `library_media_resource`, `library_media_url`, `library_media_hash`, `createdAt`, `updatedAt`, `LibrarycategoryId`, `UserId`) VALUES
(35, 'image 03 pt.jpg', 'image/jpeg', 'jpg', '', NULL, NULL, 'guest', NULL, NULL, '2019-07-22 19:16:22', '2019-07-22 19:16:22', 88, 1),
(44, 'autocolant tous pour l\'horeca (3).pdf', 'application/pdf', 'pdf', '', NULL, NULL, 'guest', NULL, NULL, '2019-07-22 19:16:22', '2019-07-22 19:16:22', 88, 1),
(45, 'CHARTE_SPW_1_7.pdf', 'application/pdf', 'pdf', '', NULL, NULL, 'guest', NULL, NULL, '2019-07-22 19:16:22', '2019-07-22 19:16:22', 88, 1),
(46, 'REFERENCEMENT.docx', NULL, 'docx', '', NULL, NULL, 'guest', NULL, NULL, '2019-07-22 19:16:22', '2019-07-22 19:16:22', 88, 1),
(47, 'poly.dwg', NULL, 'dwg', '', NULL, NULL, 'guest', NULL, NULL, '2019-07-22 19:16:22', '2019-07-22 19:16:22', 88, 1),
(49, 'Sanijura - V1.docx', NULL, 'docx', '', NULL, NULL, 'guest', NULL, NULL, '2019-07-22 19:16:22', '2019-07-22 19:16:22', 88, 1),
(50, 'Image vue d\'en haut.jpg', 'image/jpeg', 'jpg', '', NULL, NULL, 'guest', NULL, NULL, '2019-07-22 19:16:22', '2019-07-22 19:16:22', 89, 1),
(51, 'image 01.jpg', 'image/jpeg', 'jpg', '', NULL, NULL, 'guest', NULL, NULL, '2019-07-22 19:16:22', '2019-07-22 19:16:22', 89, 1),
(52, 'image 01_pt.jpg', 'image/jpeg', 'jpg', '', NULL, NULL, 'guest', NULL, NULL, '2019-07-22 19:16:22', '2019-07-22 19:16:22', 89, 1),
(54, 'image 02_pt.jpg', 'image/jpeg', 'jpg', '', NULL, NULL, 'guest', NULL, NULL, '2019-07-22 19:16:22', '2019-07-22 19:16:22', 89, 1),
(55, 'image 03_pt.jpg', 'image/jpeg', 'jpg', '', NULL, NULL, 'guest', NULL, NULL, '2019-07-22 19:16:22', '2019-07-22 19:16:22', 89, 1),
(56, 'image 05_pt.jpg', 'image/jpeg', 'jpg', '', NULL, NULL, 'guest', NULL, NULL, '2019-07-22 19:16:22', '2019-07-22 19:16:22', 89, 1),
(59, 'image 01_pt.jpg', 'image/jpeg', 'jpg', '', NULL, NULL, 'guest', NULL, NULL, '2019-07-22 19:16:22', '2019-07-22 19:16:22', 89, 1),
(60, 'Garden.jpg', 'image/jpeg', 'jpg', '', NULL, NULL, 'guest', NULL, NULL, '2019-07-22 19:16:22', '2019-07-22 19:16:22', 89, 1),
(61, 'Oryx Antelope.jpg', 'image/jpeg', 'jpg', '', NULL, NULL, 'guest', NULL, NULL, '2019-07-22 19:16:22', '2019-07-22 19:16:22', 89, 1),
(62, 'Oryx Antelope.jpg', 'image/jpeg', 'jpg', '', NULL, NULL, 'guest', NULL, NULL, '2019-07-22 19:16:22', '2019-07-22 19:16:22', 89, 1),
(63, 'Oryx Antelope.jpg', 'image/jpeg', 'jpg', '', NULL, NULL, 'guest', NULL, NULL, '2019-07-22 19:16:22', '2019-07-22 19:16:22', 89, 1),
(64, 'Dock.jpg', 'image/jpeg', 'jpg', '', NULL, NULL, 'guest', NULL, NULL, '2019-07-22 19:16:22', '2019-07-22 19:16:22', 89, 1),
(65, 'Dock.jpg', 'image/jpeg', 'jpg', '', NULL, NULL, 'guest', NULL, NULL, '2019-07-22 19:16:22', '2019-07-22 19:16:22', 89, 1),
(66, 'image 05_pt.jpg', 'image/jpeg', 'jpg', '', NULL, NULL, 'guest', NULL, NULL, '2019-07-22 19:16:22', '2019-07-22 19:16:22', 89, 1),
(87, 'new-york-city-at-night.jpg', 'image/jpeg', 'jpg', '', NULL, NULL, 'guest', NULL, NULL, '2019-07-22 19:16:22', '2019-07-22 19:16:22', 87, 1),
(88, 'image 03 pt.jpg', 'image/jpeg', 'jpg', '', NULL, NULL, 'guest', NULL, NULL, '2019-07-22 19:16:22', '2019-07-22 19:16:22', 88, 1),
(91, 'Image vue d\'en haut.jpg', 'image/jpeg', 'jpg', '', NULL, NULL, 'guest', NULL, NULL, '2019-07-22 19:16:22', '2019-07-22 19:16:22', 89, 1),
(94, 'image 01_pt.jpg', 'image/jpeg', 'jpg', '', NULL, NULL, 'guest', NULL, NULL, '2019-07-22 19:16:22', '2019-07-22 19:16:22', 89, 1),
(295, 'new-york-city-at-night.jpg', 'image/jpeg', 'jpg', '', NULL, NULL, 'guest', NULL, NULL, '2019-07-22 19:16:22', '2019-07-22 19:16:22', 87, 1),
(296, 'facebook_avatar.jpg', 'image/jpeg', 'jpg', '', NULL, NULL, 'guest', NULL, NULL, '2019-07-22 19:16:22', '2019-07-22 19:16:22', 87, 1),
(297, 'new-york-city-at-night.jpg', 'image/jpeg', 'jpg', '', NULL, NULL, 'guest', NULL, NULL, '2019-07-22 19:16:22', '2019-07-22 19:16:22', 87, 1),
(302, 'Appart1.jpg', 'image/jpeg', 'jpg', '', NULL, NULL, 'guest', NULL, NULL, '2019-07-22 19:16:24', '2019-07-22 19:16:24', 100, 1),
(303, 'APPART1.modif030910.pdf', 'application/pdf', 'pdf', 'documents', NULL, NULL, 'guest', NULL, NULL, '2019-07-22 19:16:24', '2019-07-22 19:16:24', 100, 1),
(304, 'APPART1.modif030910.pdf', 'application/pdf', 'pdf', 'documents', NULL, NULL, 'guest', NULL, NULL, '2019-07-22 19:16:24', '2019-07-22 19:16:24', 100, 1),
(305, 'Appart2.jpg', 'image/jpeg', 'jpg', '', NULL, NULL, 'guest', NULL, NULL, '2019-07-22 19:16:24', '2019-07-22 19:16:24', 101, 1),
(306, 'APPART2.modif030910.pdf', 'application/pdf', 'pdf', 'documents', NULL, NULL, 'guest', NULL, NULL, '2019-07-22 19:16:24', '2019-07-22 19:16:24', 101, 1),
(313, 'APPART1.modif030910.pdf', 'application/pdf', 'pdf', 'documents', NULL, NULL, 'guest', NULL, NULL, '2019-07-22 19:16:22', '2019-07-22 19:16:22', 89, 1),
(328, 'PICT2465.JPG', 'image/jpeg', 'JPG', '', NULL, NULL, 'guest', NULL, NULL, '2019-07-22 19:16:22', '2019-07-22 19:16:22', 88, 1),
(331, 'PICT2465.JPG', 'image/jpeg', 'JPG', '', NULL, NULL, 'guest', NULL, NULL, '2019-07-22 19:16:22', '2019-07-22 19:16:22', 88, 1),
(332, 'PICT2465.jpg', 'image/jpeg', 'jpg', '', NULL, NULL, 'guest', NULL, NULL, '2019-07-22 19:16:22', '2019-07-22 19:16:22', 88, 1),
(334, 'PICT2426.jpg', 'image/jpeg', 'jpg', '', NULL, NULL, 'guest', NULL, NULL, '2019-07-22 19:16:22', '2019-07-22 19:16:22', 53, 1),
(335, 'PICT2465.jpg', 'image/jpeg', 'jpg', '', NULL, NULL, 'guest', NULL, NULL, '2019-07-22 19:16:22', '2019-07-22 19:16:22', 53, 1),
(336, 'PICT2468.jpg', 'image/jpeg', 'jpg', '', NULL, NULL, 'guest', NULL, NULL, '2019-07-22 19:16:22', '2019-07-22 19:16:22', 53, 1),
(337, 'Image vue d\'en haut.jpg', 'image/jpeg', 'jpg', '', NULL, NULL, 'guest', NULL, NULL, '2019-07-22 19:16:22', '2019-07-22 19:16:22', 89, 1),
(338, '1er Etage.pdf', 'application/pdf', 'pdf', 'documents', NULL, NULL, 'guest', NULL, NULL, '2019-07-22 19:16:24', '2019-07-22 19:16:24', 102, 1),
(339, 'APPART4.modif030910.pdf', 'application/pdf', 'pdf', 'documents', NULL, NULL, 'guest', NULL, NULL, '2019-07-22 19:16:24', '2019-07-22 19:16:24', 103, 1),
(340, 'Appart1.jpg', 'image/jpeg', 'jpg', '', NULL, NULL, 'guest', NULL, NULL, '2019-07-22 19:16:24', '2019-07-22 19:16:24', 104, 1),
(342, 'CAHIER DES CHARGES CLIENT - AVEC PHOTOS.doc', 'application/vnd.openxmlformats', 'doc', 'documents', NULL, NULL, 'guest', NULL, NULL, '2019-07-22 19:16:24', '2019-07-22 19:16:24', 104, 1),
(343, 'Photos 032.jpg', 'image/jpeg', 'jpg', '', NULL, NULL, 'guest', NULL, NULL, '2019-07-22 19:16:24', '2019-07-22 19:16:24', 104, 1),
(344, 'Photos 033.jpg', 'image/jpeg', 'jpg', '', NULL, NULL, 'guest', NULL, NULL, '2019-07-22 19:16:24', '2019-07-22 19:16:24', 105, 1),
(345, 'CAHIER DES CHARGES CLIENT - AVEC PHOTOS.doc', 'application/vnd.openxmlformats', 'doc', 'documents', NULL, NULL, 'guest', NULL, NULL, '2019-07-22 19:16:24', '2019-07-22 19:16:24', 105, 1),
(346, 'Duplex Int..jpg', NULL, '', '', NULL, NULL, 'guest', NULL, NULL, '2019-07-22 19:16:24', '2019-07-22 19:16:24', 106, 1),
(347, 'CAHIER DES CHARGES CLIENT - AVEC PHOTOS.doc', 'application/vnd.openxmlformats', 'doc', 'documents', NULL, NULL, 'guest', NULL, NULL, '2019-07-22 19:16:24', '2019-07-22 19:16:24', 106, 1),
(348, 'APPART4.jpg', 'image/jpeg', 'jpg', '', NULL, NULL, 'guest', NULL, NULL, '2019-07-22 19:16:24', '2019-07-22 19:16:24', 103, 1),
(349, 'CAHIER DES CHARGES CLIENT - sans PHOTOS.doc', 'application/vnd.openxmlformats', 'doc', 'documents', NULL, NULL, 'guest', NULL, NULL, '2019-07-22 19:16:24', '2019-07-22 19:16:24', 103, 1),
(350, 'Photos 028.jpg', 'image/jpeg', 'jpg', '', NULL, NULL, 'guest', NULL, NULL, '2019-07-22 19:16:24', '2019-07-22 19:16:24', 103, 1),
(351, 'APPART3.jpg', 'image/jpeg', 'jpg', '', NULL, NULL, 'guest', NULL, NULL, '2019-07-22 19:16:24', '2019-07-22 19:16:24', 107, 1),
(352, 'CAHIER DES CHARGES CLIENT - AVEC PHOTOS.doc', 'application/vnd.openxmlformats', 'doc', 'documents', NULL, NULL, 'guest', NULL, NULL, '2019-07-22 19:16:24', '2019-07-22 19:16:24', 107, 1),
(353, 'Appart1.jpg', 'image/jpeg', 'jpg', '', NULL, NULL, 'guest', NULL, NULL, '2019-07-22 19:16:24', '2019-07-22 19:16:24', 108, 1),
(354, 'Appart2.jpg', 'image/jpeg', 'jpg', '', NULL, NULL, 'guest', NULL, NULL, '2019-07-22 19:16:24', '2019-07-22 19:16:24', 109, 1),
(355, 'CAHIER DES CHARGES CLIENT - sans PHOTOS.doc', 'application/vnd.openxmlformats', 'doc', 'documents', NULL, NULL, 'guest', NULL, NULL, '2019-07-22 19:16:24', '2019-07-22 19:16:24', 109, 1),
(356, 'CAHIER DES CHARGES CLIENT - AVEC PHOTOS.doc', 'application/vnd.openxmlformats', 'doc', 'documents', NULL, NULL, 'guest', NULL, NULL, '2019-07-22 19:16:24', '2019-07-22 19:16:24', 110, 1),
(357, 'APPART3.jpg', 'image/jpeg', 'jpg', '', NULL, NULL, 'guest', NULL, NULL, '2019-07-22 19:16:24', '2019-07-22 19:16:24', 110, 1),
(359, 'APPART4.jpg', 'image/jpeg', 'jpg', '', NULL, NULL, 'guest', NULL, NULL, '2019-07-22 19:16:24', '2019-07-22 19:16:24', 111, 1),
(360, 'CAHIER DES CHARGES CLIENT - sans PHOTOS.doc', 'application/vnd.openxmlformats', 'doc', 'documents', NULL, NULL, 'guest', NULL, NULL, '2019-07-22 19:16:24', '2019-07-22 19:16:24', 111, 1),
(363, 'CAHIER DES CHARGES CLIENT - sans PHOTOS.doc', 'application/vnd.openxmlformats', 'doc', 'documents', NULL, NULL, 'guest', NULL, NULL, '2019-07-22 19:16:24', '2019-07-22 19:16:24', 112, 1),
(364, 'APPART4.jpg', 'image/jpeg', 'jpg', '', NULL, NULL, 'guest', NULL, NULL, '2019-07-22 19:16:24', '2019-07-22 19:16:24', 112, 1),
(365, 'APPART3.jpg', 'image/jpeg', 'jpg', '', NULL, NULL, 'guest', NULL, NULL, '2019-07-22 19:16:24', '2019-07-22 19:16:24', 113, 1),
(366, 'CAHIER DES CHARGES CLIENT - AVEC PHOTOS.doc', 'application/vnd.openxmlformats', 'doc', 'documents', NULL, NULL, 'guest', NULL, NULL, '2019-07-22 19:16:24', '2019-07-22 19:16:24', 113, 1),
(367, 'APPART4.jpg', 'image/jpeg', 'jpg', '', NULL, NULL, 'guest', NULL, NULL, '2019-07-22 19:16:24', '2019-07-22 19:16:24', 114, 1),
(368, 'CAHIER DES CHARGES CLIENT - sans PHOTOS.doc', 'application/vnd.openxmlformats', 'doc', 'documents', NULL, NULL, 'guest', NULL, NULL, '2019-07-22 19:16:24', '2019-07-22 19:16:24', 114, 1),
(369, 'duplex avant.jpg', 'image/jpeg', 'jpg', '', NULL, NULL, 'guest', NULL, NULL, '2019-07-22 19:16:24', '2019-07-22 19:16:24', 115, 1),
(370, 'surface commerciale.pdf', 'application/pdf', 'pdf', 'documents', NULL, NULL, 'guest', NULL, NULL, '2019-07-22 19:16:24', '2019-07-22 19:16:24', 115, 1),
(372, 'APPART1.jpg', 'image/jpeg', 'jpg', '', NULL, NULL, 'guest', NULL, NULL, '2019-07-22 19:16:22', '2019-07-22 19:16:22', 89, 1),
(373, 'APPART2.jpg', 'image/jpeg', 'jpg', '', NULL, NULL, 'guest', NULL, NULL, '2019-07-22 19:16:22', '2019-07-22 19:16:22', 89, 1),
(374, 'APPART3.jpg', 'image/jpeg', 'jpg', '', NULL, NULL, 'guest', NULL, NULL, '2019-07-22 19:16:22', '2019-07-22 19:16:22', 89, 1),
(375, 'APPART4.jpg', 'image/jpeg', 'jpg', '', NULL, NULL, 'guest', NULL, NULL, '2019-07-22 19:16:22', '2019-07-22 19:16:22', 89, 1),
(376, 'Duplex Int..jpg', NULL, '', '', NULL, NULL, 'guest', NULL, NULL, '2019-07-22 19:16:22', '2019-07-22 19:16:22', 89, 1),
(389, 'Appartement type.pdf', 'application/pdf', 'pdf', 'documents', NULL, NULL, 'guest', NULL, NULL, '2019-07-22 19:16:22', '2019-07-22 19:16:22', 88, 1),
(391, 'PICT2763.JPG', 'image/jpeg', 'JPG', '', NULL, NULL, 'guest', NULL, NULL, '2019-07-22 19:16:22', '2019-07-22 19:16:22', 87, 1),
(395, 'UCCLE25.07.2005 001.jpg', NULL, '07', '', NULL, NULL, 'guest', NULL, NULL, '2019-07-22 19:16:22', '2019-07-22 19:16:22', 87, 1),
(396, 'UCCLE25.07.2005 002.jpg', NULL, '07', '', NULL, NULL, 'guest', NULL, NULL, '2019-07-22 19:16:22', '2019-07-22 19:16:22', 87, 1),
(397, 'UCCLE25.07.2005 003.jpg', NULL, '07', '', NULL, NULL, 'guest', NULL, NULL, '2019-07-22 19:16:22', '2019-07-22 19:16:22', 87, 1),
(398, 'UCCLE25.07.2005 004.jpg', NULL, '07', '', NULL, NULL, 'guest', NULL, NULL, '2019-07-22 19:16:22', '2019-07-22 19:16:22', 87, 1),
(399, 'UCCLE25.07.2005 005.jpg', NULL, '07', '', NULL, NULL, 'guest', NULL, NULL, '2019-07-22 19:16:22', '2019-07-22 19:16:22', 87, 1),
(400, 'IMG_3298.jpg', 'image/jpeg', 'jpg', '', NULL, NULL, 'guest', NULL, NULL, '2019-07-22 19:16:22', '2019-07-22 19:16:22', 3, 1),
(401, 'IMG_3301.jpg', 'image/jpeg', 'jpg', '', NULL, NULL, 'guest', NULL, NULL, '2019-07-22 19:16:22', '2019-07-22 19:16:22', 3, 1),
(402, 'IMG_3308.jpg', 'image/jpeg', 'jpg', '', NULL, NULL, 'guest', NULL, NULL, '2019-07-22 19:16:22', '2019-07-22 19:16:22', 3, 1),
(403, 'IMG_3328.jpg', 'image/jpeg', 'jpg', '', NULL, NULL, 'guest', NULL, NULL, '2019-07-22 19:16:22', '2019-07-22 19:16:22', 3, 1),
(404, 'IMG_3329.jpg', 'image/jpeg', 'jpg', '', NULL, NULL, 'guest', NULL, NULL, '2019-07-22 19:16:22', '2019-07-22 19:16:22', 3, 1),
(405, 'IMG_3337.jpg', 'image/jpeg', 'jpg', '', NULL, NULL, 'guest', NULL, NULL, '2019-07-22 19:16:22', '2019-07-22 19:16:22', 3, 1),
(406, 'finish_01_hd.jpg', 'image/jpeg', 'jpg', '', NULL, NULL, 'guest', NULL, NULL, '2019-07-22 19:16:22', '2019-07-22 19:16:22', 90, 1),
(407, 'finish_02_hd [1280x768].jpg', 'image/jpeg', 'jpg', '', NULL, NULL, 'guest', NULL, NULL, '2019-07-22 19:16:24', '2019-07-22 19:16:24', 116, 1),
(408, 'finish_03_hd [1280x768].jpg', 'image/jpeg', 'jpg', '', NULL, NULL, 'guest', NULL, NULL, '2019-07-22 19:16:24', '2019-07-22 19:16:24', 116, 1),
(409, 'finish_04_hd [1280x768].jpg', 'image/jpeg', 'jpg', '', NULL, NULL, 'guest', NULL, NULL, '2019-07-22 19:16:24', '2019-07-22 19:16:24', 116, 1),
(410, 'maison type Anselme-Mary2.jpg', 'image/jpeg', 'jpg', '', NULL, NULL, 'guest', NULL, NULL, '2019-07-22 19:16:24', '2019-07-22 19:16:24', 116, 1),
(411, 'CAHIER DES CHARGES CLIENT.doc', 'application/vnd.openxmlformats', 'doc', 'documents', NULL, NULL, 'guest', NULL, NULL, '2019-07-22 19:16:24', '2019-07-22 19:16:24', 116, 1),
(412, '02.plan 3 190110.pdf', 'application/pdf', 'pdf', 'documents', NULL, NULL, 'guest', NULL, NULL, '2019-07-22 19:16:24', '2019-07-22 19:16:24', 116, 1),
(413, '03.plan 4 190110.pdf', 'application/pdf', 'pdf', 'documents', NULL, NULL, 'guest', NULL, NULL, '2019-07-22 19:16:24', '2019-07-22 19:16:24', 116, 1),
(414, 'maison type Anselme-Mary2.jpg', 'image/jpeg', 'jpg', '', NULL, NULL, 'guest', NULL, NULL, '2019-07-22 19:16:24', '2019-07-22 19:16:24', 117, 1),
(415, 'finish_04_hd [1280x768].jpg', 'image/jpeg', 'jpg', '', NULL, NULL, 'guest', NULL, NULL, '2019-07-22 19:16:24', '2019-07-22 19:16:24', 117, 1),
(416, 'finish_03_hd [1280x768].jpg', 'image/jpeg', 'jpg', '', NULL, NULL, 'guest', NULL, NULL, '2019-07-22 19:16:24', '2019-07-22 19:16:24', 117, 1),
(417, 'finish_02_hd [1280x768].jpg', 'image/jpeg', 'jpg', '', NULL, NULL, 'guest', NULL, NULL, '2019-07-22 19:16:24', '2019-07-22 19:16:24', 117, 1),
(418, 'CAHIER DES CHARGES CLIENT.doc', 'application/vnd.openxmlformats', 'doc', 'documents', NULL, NULL, 'guest', NULL, NULL, '2019-07-22 19:16:24', '2019-07-22 19:16:24', 117, 1),
(419, 'CAHIER DES CHARGES CLIENT.doc', 'application/vnd.openxmlformats', 'doc', 'documents', NULL, NULL, 'guest', NULL, NULL, '2019-07-22 19:16:24', '2019-07-22 19:16:24', 118, 1),
(420, 'finish_02_hd [1280x768].jpg', 'image/jpeg', 'jpg', '', NULL, NULL, 'guest', NULL, NULL, '2019-07-22 19:16:24', '2019-07-22 19:16:24', 118, 1),
(421, 'finish_03_hd [1280x768].jpg', 'image/jpeg', 'jpg', '', NULL, NULL, 'guest', NULL, NULL, '2019-07-22 19:16:24', '2019-07-22 19:16:24', 118, 1),
(422, 'finish_04_hd [1280x768].jpg', 'image/jpeg', 'jpg', '', NULL, NULL, 'guest', NULL, NULL, '2019-07-22 19:16:24', '2019-07-22 19:16:24', 118, 1),
(423, 'maison type Anselme-Mary2.jpg', 'image/jpeg', 'jpg', '', NULL, NULL, 'guest', NULL, NULL, '2019-07-22 19:16:24', '2019-07-22 19:16:24', 118, 1),
(424, 'maison type Anselme-Mary2.jpg', 'image/jpeg', 'jpg', '', NULL, NULL, 'guest', NULL, NULL, '2019-07-22 19:16:24', '2019-07-22 19:16:24', 119, 1),
(425, 'finish_04_hd [1280x768].jpg', 'image/jpeg', 'jpg', '', NULL, NULL, 'guest', NULL, NULL, '2019-07-22 19:16:24', '2019-07-22 19:16:24', 119, 1),
(426, 'finish_03_hd [1280x768].jpg', 'image/jpeg', 'jpg', '', NULL, NULL, 'guest', NULL, NULL, '2019-07-22 19:16:24', '2019-07-22 19:16:24', 119, 1),
(427, 'finish_02_hd [1280x768].jpg', 'image/jpeg', 'jpg', '', NULL, NULL, 'guest', NULL, NULL, '2019-07-22 19:16:24', '2019-07-22 19:16:24', 119, 1),
(428, 'CAHIER DES CHARGES CLIENT.doc', 'application/vnd.openxmlformats', 'doc', 'documents', NULL, NULL, 'guest', NULL, NULL, '2019-07-22 19:16:24', '2019-07-22 19:16:24', 119, 1),
(429, 'finish_01_hd [1280x768].jpg', 'image/jpeg', 'jpg', '', NULL, NULL, 'guest', NULL, NULL, '2019-07-22 19:16:22', '2019-07-22 19:16:22', 58, 1),
(430, 'finish_02_hd [1280x768].jpg', 'image/jpeg', 'jpg', '', NULL, NULL, 'guest', NULL, NULL, '2019-07-22 19:16:22', '2019-07-22 19:16:22', 58, 1),
(431, 'finish_03_hd [1280x768].jpg', 'image/jpeg', 'jpg', '', NULL, NULL, 'guest', NULL, NULL, '2019-07-22 19:16:22', '2019-07-22 19:16:22', 58, 1),
(432, 'finish_04_hd [1280x768].jpg', 'image/jpeg', 'jpg', '', NULL, NULL, 'guest', NULL, NULL, '2019-07-22 19:16:22', '2019-07-22 19:16:22', 58, 1),
(433, 'maison type Anselme-Mary2.jpg', 'image/jpeg', 'jpg', '', NULL, NULL, 'guest', NULL, NULL, '2019-07-22 19:16:22', '2019-07-22 19:16:22', 64, 1),
(435, 'DSC00281.JPG', 'image/jpeg', 'JPG', '', NULL, NULL, 'guest', NULL, NULL, '2019-07-22 19:16:23', '2019-07-22 19:16:23', 91, 1),
(436, 'PICT2763.jpg', 'image/jpeg', 'jpg', '', NULL, NULL, 'guest', NULL, NULL, '2019-07-22 19:16:22', '2019-07-22 19:16:22', 87, 1),
(437, 'DSC00281.jpg', 'image/jpeg', 'jpg', '', NULL, NULL, 'guest', NULL, NULL, '2019-07-22 19:16:23', '2019-07-22 19:16:23', 91, 1),
(438, 'image 03_pt.jpg', 'image/jpeg', 'jpg', '', NULL, NULL, 'guest', NULL, NULL, '2019-07-22 19:16:22', '2019-07-22 19:16:22', 89, 1),
(444, '201.pdf', 'application/pdf', 'pdf', 'documents', NULL, NULL, 'guest', NULL, NULL, '2019-07-22 19:16:23', '2019-07-22 19:16:23', 91, 1),
(445, '202.pdf', 'application/pdf', 'pdf', 'documents', NULL, NULL, 'guest', NULL, NULL, '2019-07-22 19:16:23', '2019-07-22 19:16:23', 91, 1),
(446, 'PICT2765.jpg', 'image/jpeg', 'jpg', '', NULL, NULL, 'guest', NULL, NULL, '2019-07-22 19:16:22', '2019-07-22 19:16:22', 1, 1),
(447, 'PICT2763.jpg', 'image/jpeg', 'jpg', '', NULL, NULL, 'guest', NULL, NULL, '2019-07-22 19:16:22', '2019-07-22 19:16:22', 1, 1),
(448, 'PICT2764.jpg', 'image/jpeg', 'jpg', '', NULL, NULL, 'guest', NULL, NULL, '2019-07-22 19:16:22', '2019-07-22 19:16:22', 1, 1),
(449, 'Plans J.Jaures.pdf', 'application/pdf', 'pdf', 'documents', NULL, NULL, 'guest', NULL, NULL, '2019-07-22 19:16:23', '2019-07-22 19:16:23', 91, 1),
(450, 'PICT2443.jpg', 'image/jpeg', 'jpg', '', NULL, NULL, 'guest', NULL, NULL, '2019-07-22 19:16:22', '2019-07-22 19:16:22', 53, 1),
(451, 'PICT2451.jpg', 'image/jpeg', 'jpg', '', NULL, NULL, 'guest', NULL, NULL, '2019-07-22 19:16:22', '2019-07-22 19:16:22', 53, 1),
(452, 'PICT2465 [1280x768] [1280x768].jpg', 'image/jpeg', 'jpg', '', NULL, NULL, 'guest', NULL, NULL, '2019-07-22 19:16:22', '2019-07-22 19:16:22', 53, 1),
(453, 'PICT2466.jpg', 'image/jpeg', 'jpg', '', NULL, NULL, 'guest', NULL, NULL, '2019-07-22 19:16:22', '2019-07-22 19:16:22', 53, 1),
(454, 'PICT2531.jpg', 'image/jpeg', 'jpg', '', NULL, NULL, 'guest', NULL, NULL, '2019-07-22 19:16:22', '2019-07-22 19:16:22', 53, 1),
(455, 'PICT2539.jpg', 'image/jpeg', 'jpg', '', NULL, NULL, 'guest', NULL, NULL, '2019-07-22 19:16:22', '2019-07-22 19:16:22', 53, 1),
(456, 'PICT2045.jpg', 'image/jpeg', 'jpg', '', NULL, NULL, 'guest', NULL, NULL, '2019-07-22 19:16:22', '2019-07-22 19:16:22', 57, 1),
(457, 'PICT2046.jpg', 'image/jpeg', 'jpg', '', NULL, NULL, 'guest', NULL, NULL, '2019-07-22 19:16:22', '2019-07-22 19:16:22', 57, 1),
(458, 'DSC00277.jpg', 'image/jpeg', 'jpg', '', NULL, NULL, 'guest', NULL, NULL, '2019-07-22 19:16:23', '2019-07-22 19:16:23', 60, 1),
(459, 'DSC00280.jpg', 'image/jpeg', 'jpg', '', NULL, NULL, 'guest', NULL, NULL, '2019-07-22 19:16:23', '2019-07-22 19:16:23', 60, 1),
(460, 'DSC00284.jpg', 'image/jpeg', 'jpg', '', NULL, NULL, 'guest', NULL, NULL, '2019-07-22 19:16:23', '2019-07-22 19:16:23', 60, 1),
(462, 'DSC00634.jpg', 'image/jpeg', 'jpg', '', NULL, NULL, 'guest', NULL, NULL, '2019-07-22 19:16:23', '2019-07-22 19:16:23', 61, 1),
(474, 'pict3020.jpg', 'image/jpeg', 'jpg', '', NULL, NULL, 'guest', NULL, NULL, '2019-07-22 19:16:22', '2019-07-22 19:16:22', 89, 1),
(475, 'pict3024.jpg', 'image/jpeg', 'jpg', '', NULL, NULL, 'guest', NULL, NULL, '2019-07-22 19:16:22', '2019-07-22 19:16:22', 68, 1),
(476, 'pict3026.jpg', 'image/jpeg', 'jpg', '', NULL, NULL, 'guest', NULL, NULL, '2019-07-22 19:16:22', '2019-07-22 19:16:22', 68, 1),
(482, 'image 01_pt.jpg', 'image/jpeg', 'jpg', '', NULL, NULL, 'guest', NULL, NULL, '2019-07-22 19:16:22', '2019-07-22 19:16:22', 89, 1),
(483, 'image 03_pt.jpg', 'image/jpeg', 'jpg', '', NULL, NULL, 'guest', NULL, NULL, '2019-07-22 19:16:23', '2019-07-22 19:16:23', 92, 1),
(484, 'image 01_pt.jpg', 'image/jpeg', 'jpg', '', NULL, NULL, 'guest', NULL, NULL, '2019-07-22 19:16:23', '2019-07-22 19:16:23', 92, 1),
(485, 'pict3154.jpg', 'image/jpeg', 'jpg', '', NULL, NULL, 'guest', NULL, NULL, '2019-07-22 19:16:22', '2019-07-22 19:16:22', 68, 1),
(486, 'pict3158.jpg', 'image/jpeg', 'jpg', '', NULL, NULL, 'guest', NULL, NULL, '2019-07-22 19:16:22', '2019-07-22 19:16:22', 68, 1),
(487, 'pict3159.jpg', 'image/jpeg', 'jpg', '', NULL, NULL, 'guest', NULL, NULL, '2019-07-22 19:16:22', '2019-07-22 19:16:22', 68, 1),
(490, 'dsc00652.jpg', 'image/jpeg', 'jpg', '', NULL, NULL, 'guest', NULL, NULL, '2019-07-22 19:16:23', '2019-07-22 19:16:23', 61, 1),
(492, 'dsc00285.jpg', 'image/jpeg', 'jpg', '', NULL, NULL, 'guest', NULL, NULL, '2019-07-22 19:16:23', '2019-07-22 19:16:23', 60, 1),
(493, 'surface commerciale 01-1024.jpg', 'image/jpeg', 'jpg', '', NULL, NULL, 'guest', NULL, NULL, '2019-07-22 19:16:22', '2019-07-22 19:16:22', 89, 1),
(494, 'surface commerciale 02-1024.jpg', 'image/jpeg', 'jpg', '', NULL, NULL, 'guest', NULL, NULL, '2019-07-22 19:16:22', '2019-07-22 19:16:22', 89, 1),
(495, 'pict2001.jpg', 'image/jpeg', 'jpg', '', NULL, NULL, 'guest', NULL, NULL, '2019-07-22 19:16:22', '2019-07-22 19:16:22', 57, 1),
(496, 'pict2430.jpg', 'image/jpeg', 'jpg', '', NULL, NULL, 'guest', NULL, NULL, '2019-07-22 19:16:22', '2019-07-22 19:16:22', 53, 1),
(497, 'pict2432.jpg', 'image/jpeg', 'jpg', '', NULL, NULL, 'guest', NULL, NULL, '2019-07-22 19:16:22', '2019-07-22 19:16:22', 53, 1),
(498, 'pict2455.jpg', 'image/jpeg', 'jpg', '', NULL, NULL, 'guest', NULL, NULL, '2019-07-22 19:16:22', '2019-07-22 19:16:22', 53, 1),
(499, 'pict2459.jpg', 'image/jpeg', 'jpg', '', NULL, NULL, 'guest', NULL, NULL, '2019-07-22 19:16:22', '2019-07-22 19:16:22', 53, 1),
(500, 'pict2534.jpg', 'image/jpeg', 'jpg', '', NULL, NULL, 'guest', NULL, NULL, '2019-07-22 19:16:22', '2019-07-22 19:16:22', 53, 1),
(501, 'pict2424.jpg', 'image/jpeg', 'jpg', '', NULL, NULL, 'guest', NULL, NULL, '2019-07-22 19:16:22', '2019-07-22 19:16:22', 53, 1),
(502, 'pict2444.jpg', 'image/jpeg', 'jpg', '', NULL, NULL, 'guest', NULL, NULL, '2019-07-22 19:16:22', '2019-07-22 19:16:22', 53, 1),
(503, 'pict2445.jpg', 'image/jpeg', 'jpg', '', NULL, NULL, 'guest', NULL, NULL, '2019-07-22 19:16:22', '2019-07-22 19:16:22', 53, 1),
(504, 'pict2446.jpg', 'image/jpeg', 'jpg', '', NULL, NULL, 'guest', NULL, NULL, '2019-07-22 19:16:22', '2019-07-22 19:16:22', 53, 1),
(506, 'pict2466.jpg', 'image/jpeg', 'jpg', '', NULL, NULL, 'guest', NULL, NULL, '2019-07-22 19:16:22', '2019-07-22 19:16:22', 53, 1),
(507, 'pict2468.jpg', 'image/jpeg', 'jpg', '', NULL, NULL, 'guest', NULL, NULL, '2019-07-22 19:16:22', '2019-07-22 19:16:22', 53, 1),
(508, 'pict2470.jpg', 'image/jpeg', 'jpg', '', NULL, NULL, 'guest', NULL, NULL, '2019-07-22 19:16:22', '2019-07-22 19:16:22', 53, 1),
(509, 'cahier des charges new app. doc.doc', NULL, ' doc', 'documents', NULL, NULL, 'guest', NULL, NULL, '2019-07-22 19:16:22', '2019-07-22 19:16:22', 87, 1),
(511, 'pict1031.jpg', 'image/jpeg', 'jpg', '', NULL, NULL, 'guest', NULL, NULL, '2019-07-22 19:16:22', '2019-07-22 19:16:22', 4, 1),
(512, 'pict1032.jpg', 'image/jpeg', 'jpg', '', NULL, NULL, 'guest', NULL, NULL, '2019-07-22 19:16:22', '2019-07-22 19:16:22', 4, 1),
(513, 'pict1033.jpg', 'image/jpeg', 'jpg', '', NULL, NULL, 'guest', NULL, NULL, '2019-07-22 19:16:22', '2019-07-22 19:16:22', 4, 1),
(515, 'dsc00628.jpg', 'image/jpeg', 'jpg', '', NULL, NULL, 'guest', NULL, NULL, '2019-07-22 19:16:23', '2019-07-22 19:16:23', 60, 1),
(516, 'dsc00633.jpg', 'image/jpeg', 'jpg', '', NULL, NULL, 'guest', NULL, NULL, '2019-07-22 19:16:23', '2019-07-22 19:16:23', 61, 1),
(517, 'dsc00645.jpg', 'image/jpeg', 'jpg', '', NULL, NULL, 'guest', NULL, NULL, '2019-07-22 19:16:23', '2019-07-22 19:16:23', 61, 1),
(518, 'dsc00665.jpg', 'image/jpeg', 'jpg', '', NULL, NULL, 'guest', NULL, NULL, '2019-07-22 19:16:23', '2019-07-22 19:16:23', 60, 1),
(519, 'surface commerciale 02-1024.jpg', 'image/jpeg', 'jpg', '', NULL, NULL, 'guest', NULL, NULL, '2019-07-22 19:16:24', '2019-07-22 19:16:24', 115, 1),
(521, 'photos 012.jpg', 'image/jpeg', 'jpg', '', NULL, NULL, 'guest', NULL, NULL, '2019-07-22 19:16:24', '2019-07-22 19:16:24', 111, 1),
(522, 'pict3281.jpg', 'image/jpeg', 'jpg', '', NULL, NULL, 'guest', NULL, NULL, '2019-07-22 19:16:22', '2019-07-22 19:16:22', 65, 1),
(523, 'pict3282.jpg', 'image/jpeg', 'jpg', '', NULL, NULL, 'guest', NULL, NULL, '2019-07-22 19:16:22', '2019-07-22 19:16:22', 65, 1),
(524, 'pict3283.jpg', 'image/jpeg', 'jpg', '', NULL, NULL, 'guest', NULL, NULL, '2019-07-22 19:16:22', '2019-07-22 19:16:22', 65, 1),
(525, 'pict3284.jpg', 'image/jpeg', 'jpg', '', NULL, NULL, 'guest', NULL, NULL, '2019-07-22 19:16:22', '2019-07-22 19:16:22', 65, 1),
(526, 'pict3285.jpg', 'image/jpeg', 'jpg', '', NULL, NULL, 'guest', NULL, NULL, '2019-07-22 19:16:22', '2019-07-22 19:16:22', 65, 1),
(527, 'pict3286.jpg', 'image/jpeg', 'jpg', '', NULL, NULL, 'guest', NULL, NULL, '2019-07-22 19:16:22', '2019-07-22 19:16:22', 65, 1),
(528, 'pict3259.jpg', 'image/jpeg', 'jpg', '', NULL, NULL, 'guest', NULL, NULL, '2019-07-22 19:16:23', '2019-07-22 19:16:23', 60, 1),
(529, 'pict3261.jpg', 'image/jpeg', 'jpg', '', NULL, NULL, 'guest', NULL, NULL, '2019-07-22 19:16:23', '2019-07-22 19:16:23', 60, 1),
(530, 'pict3262.jpg', 'image/jpeg', 'jpg', '', NULL, NULL, 'guest', NULL, NULL, '2019-07-22 19:16:23', '2019-07-22 19:16:23', 60, 1),
(531, 'pict3266.jpg', 'image/jpeg', 'jpg', '', NULL, NULL, 'guest', NULL, NULL, '2019-07-22 19:16:23', '2019-07-22 19:16:23', 60, 1),
(532, 'pict3267.jpg', 'image/jpeg', 'jpg', '', NULL, NULL, 'guest', NULL, NULL, '2019-07-22 19:16:23', '2019-07-22 19:16:23', 60, 1),
(533, 'pict3269.jpg', 'image/jpeg', 'jpg', '', NULL, NULL, 'guest', NULL, NULL, '2019-07-22 19:16:23', '2019-07-22 19:16:23', 60, 1),
(534, 'pict3287.jpg', 'image/jpeg', 'jpg', '', NULL, NULL, 'guest', NULL, NULL, '2019-07-22 19:16:22', '2019-07-22 19:16:22', 53, 1),
(535, 'pict3288.jpg', 'image/jpeg', 'jpg', '', NULL, NULL, 'guest', NULL, NULL, '2019-07-22 19:16:22', '2019-07-22 19:16:22', 53, 1),
(536, 'pict3289.jpg', 'image/jpeg', 'jpg', '', NULL, NULL, 'guest', NULL, NULL, '2019-07-22 19:16:22', '2019-07-22 19:16:22', 53, 1),
(537, 'pict3290.jpg', 'image/jpeg', 'jpg', '', NULL, NULL, 'guest', NULL, NULL, '2019-07-22 19:16:22', '2019-07-22 19:16:22', 53, 1),
(538, 'pict3291.jpg', 'image/jpeg', 'jpg', '', NULL, NULL, 'guest', NULL, NULL, '2019-07-22 19:16:22', '2019-07-22 19:16:22', 53, 1),
(539, 'pict3292.jpg', 'image/jpeg', 'jpg', '', NULL, NULL, 'guest', NULL, NULL, '2019-07-22 19:16:22', '2019-07-22 19:16:22', 53, 1),
(540, 'pict3270.jpg', 'image/jpeg', 'jpg', '', NULL, NULL, 'guest', NULL, NULL, '2019-07-22 19:16:22', '2019-07-22 19:16:22', 1, 1),
(541, 'pict3280.jpg', 'image/jpeg', 'jpg', '', NULL, NULL, 'guest', NULL, NULL, '2019-07-22 19:16:22', '2019-07-22 19:16:22', 1, 1),
(542, 'pict3276.jpg', 'image/jpeg', 'jpg', '', NULL, NULL, 'guest', NULL, NULL, '2019-07-22 19:16:22', '2019-07-22 19:16:22', 1, 1),
(543, 'pict3277.jpg', 'image/jpeg', 'jpg', '', NULL, NULL, 'guest', NULL, NULL, '2019-07-22 19:16:22', '2019-07-22 19:16:22', 1, 1),
(544, 'pict3278.jpg', 'image/jpeg', 'jpg', '', NULL, NULL, 'guest', NULL, NULL, '2019-07-22 19:16:22', '2019-07-22 19:16:22', 1, 1),
(602, 'image 01 pt.jpg', 'image/jpeg', 'jpg', '', NULL, NULL, 'guest', NULL, NULL, '2019-07-22 19:16:23', '2019-07-22 19:16:23', 92, 1),
(607, 'chrysanthemum.jpg', 'image/jpeg', 'jpg', '', NULL, NULL, 'guest', NULL, NULL, '2019-07-22 19:16:23', '2019-07-22 19:16:23', 93, 1),
(608, 'tulips.jpg', 'image/jpeg', 'jpg', '', NULL, NULL, 'guest', NULL, NULL, '2019-07-22 19:16:23', '2019-07-22 19:16:23', 93, 1),
(609, 'image 03_pt.jpg', 'image/jpeg', 'jpg', '', NULL, NULL, 'guest', NULL, NULL, '2019-07-22 19:16:22', '2019-07-22 19:16:22', 89, 1),
(612, 'images 01 web.jpg', 'image/jpeg', 'jpg', '', NULL, NULL, 'guest', NULL, NULL, '2019-07-22 19:16:22', '2019-07-22 19:16:22', 90, 1),
(639, 'x 120.jpg', 'image/jpeg', 'jpg', '', NULL, NULL, 'guest', NULL, NULL, '2019-07-22 19:16:22', '2019-07-22 19:16:22', 68, 1),
(640, 'x 122.jpg', 'image/jpeg', 'jpg', '', NULL, NULL, 'guest', NULL, NULL, '2019-07-22 19:16:22', '2019-07-22 19:16:22', 68, 1),
(641, 'x 123.jpg', 'image/jpeg', 'jpg', '', NULL, NULL, 'guest', NULL, NULL, '2019-07-22 19:16:22', '2019-07-22 19:16:22', 68, 1),
(642, 'x 126.jpg', 'image/jpeg', 'jpg', '', NULL, NULL, 'guest', NULL, NULL, '2019-07-22 19:16:22', '2019-07-22 19:16:22', 68, 1),
(665, 'image 02 pt.jpg', 'image/jpeg', 'jpg', '', NULL, NULL, 'guest', NULL, NULL, '2019-07-22 19:16:24', '2019-07-22 19:16:24', 95, 1),
(667, 'image 04 pt.jpg', 'image/jpeg', 'jpg', '', NULL, NULL, 'guest', NULL, NULL, '2019-07-22 19:16:24', '2019-07-22 19:16:24', 96, 1),
(668, 'image 04 pt.jpg', 'image/jpeg', 'jpg', '', NULL, NULL, 'guest', NULL, NULL, '2019-07-22 19:16:24', '2019-07-22 19:16:24', 97, 1),
(669, 'image 06 pt.jpg', 'image/jpeg', 'jpg', '', NULL, NULL, 'guest', NULL, NULL, '2019-07-22 19:16:24', '2019-07-22 19:16:24', 98, 1),
(671, 'pict2986.jpg', 'image/jpeg', 'jpg', '', NULL, NULL, 'guest', NULL, NULL, '2019-07-22 19:16:22', '2019-07-22 19:16:22', 68, 1),
(672, 'pict2991.jpg', 'image/jpeg', 'jpg', '', NULL, NULL, 'guest', NULL, NULL, '2019-07-22 19:16:22', '2019-07-22 19:16:22', 68, 1),
(673, 'pict3017.jpg', 'image/jpeg', 'jpg', '', NULL, NULL, 'guest', NULL, NULL, '2019-07-22 19:16:22', '2019-07-22 19:16:22', 68, 1),
(674, 'pict3023.jpg', 'image/jpeg', 'jpg', '', NULL, NULL, 'guest', NULL, NULL, '2019-07-22 19:16:22', '2019-07-22 19:16:22', 68, 1),
(675, 'pict3024.jpg', 'image/jpeg', 'jpg', '', NULL, NULL, 'guest', NULL, NULL, '2019-07-22 19:16:22', '2019-07-22 19:16:22', 68, 1),
(676, 'pict3151.jpg', 'image/jpeg', 'jpg', '', NULL, NULL, 'guest', NULL, NULL, '2019-07-22 19:16:22', '2019-07-22 19:16:22', 68, 1),
(677, 'pict3158.jpg', 'image/jpeg', 'jpg', '', NULL, NULL, 'guest', NULL, NULL, '2019-07-22 19:16:22', '2019-07-22 19:16:22', 68, 1),
(678, 'x 113.jpg', 'image/jpeg', 'jpg', '', NULL, NULL, 'guest', NULL, NULL, '2019-07-22 19:16:22', '2019-07-22 19:16:22', 68, 1),
(679, 'pict3332.jpg', 'image/jpeg', 'jpg', '', NULL, NULL, 'guest', NULL, NULL, '2019-07-22 19:16:22', '2019-07-22 19:16:22', 65, 1),
(680, 'pict3333.jpg', 'image/jpeg', 'jpg', '', NULL, NULL, 'guest', NULL, NULL, '2019-07-22 19:16:22', '2019-07-22 19:16:22', 65, 1),
(682, 'pict3335.jpg', 'image/jpeg', 'jpg', '', NULL, NULL, 'guest', NULL, NULL, '2019-07-22 19:16:22', '2019-07-22 19:16:22', 65, 1),
(688, 'pict3340.jpg', 'image/jpeg', 'jpg', '', NULL, NULL, 'guest', NULL, NULL, '2019-07-22 19:16:22', '2019-07-22 19:16:22', 68, 1),
(689, 'pict3341.jpg', 'image/jpeg', 'jpg', '', NULL, NULL, 'guest', NULL, NULL, '2019-07-22 19:16:22', '2019-07-22 19:16:22', 68, 1),
(690, 'pict3342.jpg', 'image/jpeg', 'jpg', '', NULL, NULL, 'guest', NULL, NULL, '2019-07-22 19:16:22', '2019-07-22 19:16:22', 68, 1),
(691, 'pict3343.jpg', 'image/jpeg', 'jpg', '', NULL, NULL, 'guest', NULL, NULL, '2019-07-22 19:16:22', '2019-07-22 19:16:22', 68, 1),
(692, 'pict3344.jpg', 'image/jpeg', 'jpg', '', NULL, NULL, 'guest', NULL, NULL, '2019-07-22 19:16:22', '2019-07-22 19:16:22', 68, 1),
(693, 'pict3345.jpg', 'image/jpeg', 'jpg', '', NULL, NULL, 'guest', NULL, NULL, '2019-07-22 19:16:22', '2019-07-22 19:16:22', 68, 1),
(694, 'pict3346.jpg', 'image/jpeg', 'jpg', '', NULL, NULL, 'guest', NULL, NULL, '2019-07-22 19:16:22', '2019-07-22 19:16:22', 68, 1),
(695, 'pict3347.jpg', 'image/jpeg', 'jpg', '', NULL, NULL, 'guest', NULL, NULL, '2019-07-22 19:16:22', '2019-07-22 19:16:22', 68, 1),
(697, 'pict3349.jpg', 'image/jpeg', 'jpg', '', NULL, NULL, 'guest', NULL, NULL, '2019-07-22 19:16:22', '2019-07-22 19:16:22', 68, 1),
(698, 'pict3350.jpg', 'image/jpeg', 'jpg', '', NULL, NULL, 'guest', NULL, NULL, '2019-07-22 19:16:22', '2019-07-22 19:16:22', 68, 1),
(699, 'pict3351.jpg', 'image/jpeg', 'jpg', '', NULL, NULL, 'guest', NULL, NULL, '2019-07-22 19:16:22', '2019-07-22 19:16:22', 68, 1),
(700, 'pict3352.jpg', 'image/jpeg', 'jpg', '', NULL, NULL, 'guest', NULL, NULL, '2019-07-22 19:16:22', '2019-07-22 19:16:22', 68, 1),
(702, 'pict3392.jpg', 'image/jpeg', 'jpg', '', NULL, NULL, 'guest', NULL, NULL, '2019-07-22 19:16:22', '2019-07-22 19:16:22', 68, 1),
(703, 'pict3393.jpg', 'image/jpeg', 'jpg', '', NULL, NULL, 'guest', NULL, NULL, '2019-07-22 19:16:22', '2019-07-22 19:16:22', 68, 1),
(706, 'pict3434.jpg', 'image/jpeg', 'jpg', '', NULL, NULL, 'guest', NULL, NULL, '2019-07-22 19:16:22', '2019-07-22 19:16:22', 68, 1),
(707, 'pict3445.jpg', 'image/jpeg', 'jpg', '', NULL, NULL, 'guest', NULL, NULL, '2019-07-22 19:16:22', '2019-07-22 19:16:22', 68, 1),
(708, 'pict3453.jpg', 'image/jpeg', 'jpg', '', NULL, NULL, 'guest', NULL, NULL, '2019-07-22 19:16:22', '2019-07-22 19:16:22', 68, 1),
(709, 'pict3503.jpg', 'image/jpeg', 'jpg', '', NULL, NULL, 'guest', NULL, NULL, '2019-07-22 19:16:22', '2019-07-22 19:16:22', 68, 1),
(710, 'pict3510.jpg', 'image/jpeg', 'jpg', '', NULL, NULL, 'guest', NULL, NULL, '2019-07-22 19:16:22', '2019-07-22 19:16:22', 68, 1),
(711, 'pict3511.jpg', 'image/jpeg', 'jpg', '', NULL, NULL, 'guest', NULL, NULL, '2019-07-22 19:16:22', '2019-07-22 19:16:22', 68, 1),
(712, 'pict3520.jpg', 'image/jpeg', 'jpg', '', NULL, NULL, 'guest', NULL, NULL, '2019-07-22 19:16:22', '2019-07-22 19:16:22', 68, 1),
(713, 'pict3521.jpg', 'image/jpeg', 'jpg', '', NULL, NULL, 'guest', NULL, NULL, '2019-07-22 19:16:22', '2019-07-22 19:16:22', 68, 1),
(714, 'pict3523.jpg', 'image/jpeg', 'jpg', '', NULL, NULL, 'guest', NULL, NULL, '2019-07-22 19:16:22', '2019-07-22 19:16:22', 68, 1),
(715, 'pict3527.jpg', 'image/jpeg', 'jpg', '', NULL, NULL, 'guest', NULL, NULL, '2019-07-22 19:16:22', '2019-07-22 19:16:22', 68, 1),
(716, 'pict3427.jpg', 'image/jpeg', 'jpg', '', NULL, NULL, 'guest', NULL, NULL, '2019-07-22 19:16:22', '2019-07-22 19:16:22', 68, 1),
(717, 'pict3428.jpg', 'image/jpeg', 'jpg', '', NULL, NULL, 'guest', NULL, NULL, '2019-07-22 19:16:22', '2019-07-22 19:16:22', 68, 1),
(718, 'pict3433.jpg', 'image/jpeg', 'jpg', '', NULL, NULL, 'guest', NULL, NULL, '2019-07-22 19:16:22', '2019-07-22 19:16:22', 68, 1),
(719, 'pict3436.jpg', 'image/jpeg', 'jpg', '', NULL, NULL, 'guest', NULL, NULL, '2019-07-22 19:16:22', '2019-07-22 19:16:22', 68, 1),
(720, 'pict3455.jpg', 'image/jpeg', 'jpg', '', NULL, NULL, 'guest', NULL, NULL, '2019-07-22 19:16:22', '2019-07-22 19:16:22', 68, 1),
(721, 'pict3465.jpg', 'image/jpeg', 'jpg', '', NULL, NULL, 'guest', NULL, NULL, '2019-07-22 19:16:22', '2019-07-22 19:16:22', 65, 1),
(722, 'pict3518.jpg', 'image/jpeg', 'jpg', '', NULL, NULL, 'guest', NULL, NULL, '2019-07-22 19:16:22', '2019-07-22 19:16:22', 65, 1),
(723, 'pict3519.jpg', 'image/jpeg', 'jpg', '', NULL, NULL, 'guest', NULL, NULL, '2019-07-22 19:16:22', '2019-07-22 19:16:22', 65, 1),
(725, 'pict3467.jpg', 'image/jpeg', 'jpg', '', NULL, NULL, 'guest', NULL, NULL, '2019-07-22 19:16:22', '2019-07-22 19:16:22', 65, 1),
(726, 'pict3516 - copie.jpg', 'image/jpeg', 'jpg', '', NULL, NULL, 'guest', NULL, NULL, '2019-07-22 19:16:22', '2019-07-22 19:16:22', 65, 1),
(727, 'pict3468 - copie.jpg', 'image/jpeg', 'jpg', '', NULL, NULL, 'guest', NULL, NULL, '2019-07-22 19:16:22', '2019-07-22 19:16:22', 65, 1),
(728, 'pict3517.jpg', 'image/jpeg', 'jpg', '', NULL, NULL, 'guest', NULL, NULL, '2019-07-22 19:16:22', '2019-07-22 19:16:22', 65, 1),
(729, 'pict3547.jpg', 'image/jpeg', 'jpg', '', NULL, NULL, 'guest', NULL, NULL, '2019-07-22 19:16:22', '2019-07-22 19:16:22', 65, 1),
(730, 'pict3548.jpg', 'image/jpeg', 'jpg', '', NULL, NULL, 'guest', NULL, NULL, '2019-07-22 19:16:22', '2019-07-22 19:16:22', 65, 1),
(731, 'pict3549.jpg', 'image/jpeg', 'jpg', '', NULL, NULL, 'guest', NULL, NULL, '2019-07-22 19:16:22', '2019-07-22 19:16:22', 65, 1),
(732, 'pict3620.jpg', 'image/jpeg', 'jpg', '', NULL, NULL, 'guest', NULL, NULL, '2019-07-22 19:16:22', '2019-07-22 19:16:22', 65, 1),
(733, 'pict3626 - copie.jpg', 'image/jpeg', 'jpg', '', NULL, NULL, 'guest', NULL, NULL, '2019-07-22 19:16:22', '2019-07-22 19:16:22', 65, 1),
(734, 'pict3628 - copie.jpg', 'image/jpeg', 'jpg', '', NULL, NULL, 'guest', NULL, NULL, '2019-07-22 19:16:22', '2019-07-22 19:16:22', 65, 1),
(736, 'pict3627 - copie.jpg', 'image/jpeg', 'jpg', '', NULL, NULL, 'guest', NULL, NULL, '2019-07-22 19:16:22', '2019-07-22 19:16:22', 65, 1),
(737, 'dsc00988.jpg', 'image/jpeg', 'jpg', '', NULL, NULL, 'guest', NULL, NULL, '2019-07-22 19:16:22', '2019-07-22 19:16:22', 65, 1),
(738, 'dsc00990.jpg', 'image/jpeg', 'jpg', '', NULL, NULL, 'guest', NULL, NULL, '2019-07-22 19:16:22', '2019-07-22 19:16:22', 65, 1),
(739, 'dsc00993.jpg', 'image/jpeg', 'jpg', '', NULL, NULL, 'guest', NULL, NULL, '2019-07-22 19:16:22', '2019-07-22 19:16:22', 65, 1),
(740, 'dsc00996.jpg', 'image/jpeg', 'jpg', '', NULL, NULL, 'guest', NULL, NULL, '2019-07-22 19:16:22', '2019-07-22 19:16:22', 65, 1),
(741, 'dsc00999.jpg', 'image/jpeg', 'jpg', '', NULL, NULL, 'guest', NULL, NULL, '2019-07-22 19:16:22', '2019-07-22 19:16:22', 65, 1),
(742, 'dsc01000.jpg', 'image/jpeg', 'jpg', '', NULL, NULL, 'guest', NULL, NULL, '2019-07-22 19:16:22', '2019-07-22 19:16:22', 65, 1),
(743, 'dsc01005.jpg', 'image/jpeg', 'jpg', '', NULL, NULL, 'guest', NULL, NULL, '2019-07-22 19:16:22', '2019-07-22 19:16:22', 65, 1),
(744, 'dsc01008.jpg', 'image/jpeg', 'jpg', '', NULL, NULL, 'guest', NULL, NULL, '2019-07-22 19:16:22', '2019-07-22 19:16:22', 68, 1),
(746, 'pict3435 - copie.jpg', 'image/jpeg', 'jpg', '', NULL, NULL, 'guest', NULL, NULL, '2019-07-22 19:16:22', '2019-07-22 19:16:22', 68, 1),
(747, 'dsc01009.jpg', 'image/jpeg', 'jpg', '', NULL, NULL, 'guest', NULL, NULL, '2019-07-22 19:16:22', '2019-07-22 19:16:22', 68, 1),
(748, 'dsc01008 - copie.jpg', 'image/jpeg', 'jpg', '', NULL, NULL, 'guest', NULL, NULL, '2019-07-22 19:16:22', '2019-07-22 19:16:22', 68, 1),
(749, 'dsc01010.jpg', 'image/jpeg', 'jpg', '', NULL, NULL, 'guest', NULL, NULL, '2019-07-22 19:16:22', '2019-07-22 19:16:22', 68, 1),
(751, 'pict3753.jpg', 'image/jpeg', 'jpg', '', NULL, NULL, 'guest', NULL, NULL, '2019-07-22 19:16:22', '2019-07-22 19:16:22', 68, 1),
(752, 'pict3758.jpg', 'image/jpeg', 'jpg', '', NULL, NULL, 'guest', NULL, NULL, '2019-07-22 19:16:22', '2019-07-22 19:16:22', 68, 1),
(754, 'pict3773.jpg', 'image/jpeg', 'jpg', '', NULL, NULL, 'guest', NULL, NULL, '2019-07-22 19:16:22', '2019-07-22 19:16:22', 68, 1),
(759, 'pict3779.jpg', 'image/jpeg', 'jpg', '', NULL, NULL, 'guest', NULL, NULL, '2019-07-22 19:16:22', '2019-07-22 19:16:22', 68, 1),
(760, 'pict3753.jpg', 'image/jpeg', 'jpg', '', NULL, NULL, 'guest', NULL, NULL, '2019-07-22 19:16:22', '2019-07-22 19:16:22', 68, 1),
(761, 'pict3754.jpg', 'image/jpeg', 'jpg', '', NULL, NULL, 'guest', NULL, NULL, '2019-07-22 19:16:22', '2019-07-22 19:16:22', 68, 1),
(762, 'pict3755.jpg', 'image/jpeg', 'jpg', '', NULL, NULL, 'guest', NULL, NULL, '2019-07-22 19:16:22', '2019-07-22 19:16:22', 68, 1),
(763, 'pict3756.jpg', 'image/jpeg', 'jpg', '', NULL, NULL, 'guest', NULL, NULL, '2019-07-22 19:16:22', '2019-07-22 19:16:22', 68, 1),
(764, 'pict3757.jpg', 'image/jpeg', 'jpg', '', NULL, NULL, 'guest', NULL, NULL, '2019-07-22 19:16:22', '2019-07-22 19:16:22', 68, 1),
(765, 'pict3761.jpg', 'image/jpeg', 'jpg', '', NULL, NULL, 'guest', NULL, NULL, '2019-07-22 19:16:22', '2019-07-22 19:16:22', 68, 1),
(766, 'pict3762.jpg', 'image/jpeg', 'jpg', '', NULL, NULL, 'guest', NULL, NULL, '2019-07-22 19:16:22', '2019-07-22 19:16:22', 68, 1),
(767, 'pict3771.jpg', 'image/jpeg', 'jpg', '', NULL, NULL, 'guest', NULL, NULL, '2019-07-22 19:16:22', '2019-07-22 19:16:22', 68, 1),
(769, 'dsc01163.jpg', 'image/jpeg', 'jpg', '', NULL, NULL, 'guest', NULL, NULL, '2019-07-22 19:16:22', '2019-07-22 19:16:22', 65, 1),
(770, 'dsc01192 - copie.jpg', 'image/jpeg', 'jpg', '', NULL, NULL, 'guest', NULL, NULL, '2019-07-22 19:16:22', '2019-07-22 19:16:22', 65, 1),
(771, 'dsc01175.jpg', 'image/jpeg', 'jpg', '', NULL, NULL, 'guest', NULL, NULL, '2019-07-22 19:16:22', '2019-07-22 19:16:22', 65, 1),
(772, 'dsc01001.jpg', 'image/jpeg', 'jpg', '', NULL, NULL, 'guest', NULL, NULL, '2019-07-22 19:16:23', '2019-07-22 19:16:23', 65, 1),
(774, 'pict3809.jpg', 'image/jpeg', 'jpg', '', NULL, NULL, 'guest', NULL, NULL, '2019-07-22 19:16:23', '2019-07-22 19:16:23', 65, 1),
(775, 'dsc01186 - copie.jpg', 'image/jpeg', 'jpg', '', NULL, NULL, 'guest', NULL, NULL, '2019-07-22 19:16:23', '2019-07-22 19:16:23', 65, 1),
(783, 'dsc01087.jpg', 'image/jpeg', 'jpg', '', NULL, NULL, 'guest', NULL, NULL, '2019-07-22 19:16:22', '2019-07-22 19:16:22', 68, 1),
(784, 'dsc01094.jpg', 'image/jpeg', 'jpg', '', NULL, NULL, 'guest', NULL, NULL, '2019-07-22 19:16:22', '2019-07-22 19:16:22', 68, 1),
(785, 'dsc01096.jpg', 'image/jpeg', 'jpg', '', NULL, NULL, 'guest', NULL, NULL, '2019-07-22 19:16:22', '2019-07-22 19:16:22', 68, 1),
(786, 'dsc01098.jpg', 'image/jpeg', 'jpg', '', NULL, NULL, 'guest', NULL, NULL, '2019-07-22 19:16:22', '2019-07-22 19:16:22', 68, 1),
(787, 'dsc01108.jpg', 'image/jpeg', 'jpg', '', NULL, NULL, 'guest', NULL, NULL, '2019-07-22 19:16:22', '2019-07-22 19:16:22', 68, 1),
(788, 'dsc01115.jpg', 'image/jpeg', 'jpg', '', NULL, NULL, 'guest', NULL, NULL, '2019-07-22 19:16:22', '2019-07-22 19:16:22', 68, 1),
(789, 'dsc01117.jpg', 'image/jpeg', 'jpg', '', NULL, NULL, 'guest', NULL, NULL, '2019-07-22 19:16:22', '2019-07-22 19:16:22', 68, 1),
(790, 'dsc01127.jpg', 'image/jpeg', 'jpg', '', NULL, NULL, 'guest', NULL, NULL, '2019-07-22 19:16:22', '2019-07-22 19:16:22', 68, 1),
(791, 'dsc01146.jpg', 'image/jpeg', 'jpg', '', NULL, NULL, 'guest', NULL, NULL, '2019-07-22 19:16:22', '2019-07-22 19:16:22', 68, 1),
(792, 'dsc01147.jpg', 'image/jpeg', 'jpg', '', NULL, NULL, 'guest', NULL, NULL, '2019-07-22 19:16:22', '2019-07-22 19:16:22', 68, 1),
(793, 'dsc01148.jpg', 'image/jpeg', 'jpg', '', NULL, NULL, 'guest', NULL, NULL, '2019-07-22 19:16:22', '2019-07-22 19:16:22', 1, 1),
(795, 'pict3954.jpg', 'image/jpeg', 'jpg', '', NULL, NULL, 'guest', NULL, NULL, '2019-07-22 19:16:22', '2019-07-22 19:16:22', 68, 1),
(796, 'pict3963.jpg', 'image/jpeg', 'jpg', '', NULL, NULL, 'guest', NULL, NULL, '2019-07-22 19:16:22', '2019-07-22 19:16:22', 68, 1),
(797, 'pict3965.jpg', 'image/jpeg', 'jpg', '', NULL, NULL, 'guest', NULL, NULL, '2019-07-22 19:16:22', '2019-07-22 19:16:22', 68, 1),
(798, 'pict3968.jpg', 'image/jpeg', 'jpg', '', NULL, NULL, 'guest', NULL, NULL, '2019-07-22 19:16:22', '2019-07-22 19:16:22', 68, 1),
(799, 'pict3969.jpg', 'image/jpeg', 'jpg', '', NULL, NULL, 'guest', NULL, NULL, '2019-07-22 19:16:22', '2019-07-22 19:16:22', 68, 1),
(800, 'pict3971.jpg', 'image/jpeg', 'jpg', '', NULL, NULL, 'guest', NULL, NULL, '2019-07-22 19:16:22', '2019-07-22 19:16:22', 68, 1),
(801, 'pict3977.jpg', 'image/jpeg', 'jpg', '', NULL, NULL, 'guest', NULL, NULL, '2019-07-22 19:16:22', '2019-07-22 19:16:22', 68, 1),
(802, 'pict3985.jpg', 'image/jpeg', 'jpg', '', NULL, NULL, 'guest', NULL, NULL, '2019-07-22 19:16:22', '2019-07-22 19:16:22', 68, 1),
(803, 'pict3988.jpg', 'image/jpeg', 'jpg', '', NULL, NULL, 'guest', NULL, NULL, '2019-07-22 19:16:22', '2019-07-22 19:16:22', 68, 1),
(804, 'pict3990.jpg', 'image/jpeg', 'jpg', '', NULL, NULL, 'guest', NULL, NULL, '2019-07-22 19:16:22', '2019-07-22 19:16:22', 68, 1),
(805, 'pict3992.jpg', 'image/jpeg', 'jpg', '', NULL, NULL, 'guest', NULL, NULL, '2019-07-22 19:16:22', '2019-07-22 19:16:22', 68, 1),
(808, 'pict4001.jpg', 'image/jpeg', 'jpg', '', NULL, NULL, 'guest', NULL, NULL, '2019-07-22 19:16:22', '2019-07-22 19:16:22', 68, 1),
(809, 'pict4002.jpg', 'image/jpeg', 'jpg', '', NULL, NULL, 'guest', NULL, NULL, '2019-07-22 19:16:22', '2019-07-22 19:16:22', 68, 1),
(821, 'pict4111.jpg', 'image/jpeg', 'jpg', '', NULL, NULL, 'guest', NULL, NULL, '2019-07-22 19:16:22', '2019-07-22 19:16:22', 68, 1),
(822, 'pict4114.jpg', 'image/jpeg', 'jpg', '', NULL, NULL, 'guest', NULL, NULL, '2019-07-22 19:16:22', '2019-07-22 19:16:22', 68, 1),
(823, 'pict4115.jpg', 'image/jpeg', 'jpg', '', NULL, NULL, 'guest', NULL, NULL, '2019-07-22 19:16:22', '2019-07-22 19:16:22', 68, 1),
(824, 'pict4116.jpg', 'image/jpeg', 'jpg', '', NULL, NULL, 'guest', NULL, NULL, '2019-07-22 19:16:22', '2019-07-22 19:16:22', 68, 1),
(825, 'pict4117.jpg', 'image/jpeg', 'jpg', '', NULL, NULL, 'guest', NULL, NULL, '2019-07-22 19:16:22', '2019-07-22 19:16:22', 68, 1),
(826, 'pict4118.jpg', 'image/jpeg', 'jpg', '', NULL, NULL, 'guest', NULL, NULL, '2019-07-22 19:16:22', '2019-07-22 19:16:22', 68, 1),
(827, 'pict4120.jpg', 'image/jpeg', 'jpg', '', NULL, NULL, 'guest', NULL, NULL, '2019-07-22 19:16:22', '2019-07-22 19:16:22', 68, 1),
(828, 'pict4121.jpg', 'image/jpeg', 'jpg', '', NULL, NULL, 'guest', NULL, NULL, '2019-07-22 19:16:22', '2019-07-22 19:16:22', 68, 1),
(829, 'pict4122.jpg', 'image/jpeg', 'jpg', '', NULL, NULL, 'guest', NULL, NULL, '2019-07-22 19:16:22', '2019-07-22 19:16:22', 68, 1),
(830, 'pict4123.jpg', 'image/jpeg', 'jpg', '', NULL, NULL, 'guest', NULL, NULL, '2019-07-22 19:16:22', '2019-07-22 19:16:22', 68, 1),
(831, 'pict4124.jpg', 'image/jpeg', 'jpg', '', NULL, NULL, 'guest', NULL, NULL, '2019-07-22 19:16:22', '2019-07-22 19:16:22', 68, 1),
(832, 'pict4113.jpg', 'image/jpeg', 'jpg', '', NULL, NULL, 'guest', NULL, NULL, '2019-07-22 19:16:24', '2019-07-22 19:16:24', 115, 1),
(833, 'pict4163.jpg', 'image/jpeg', 'jpg', '', NULL, NULL, 'guest', NULL, NULL, '2019-07-22 19:16:22', '2019-07-22 19:16:22', 68, 1),
(834, 'pict4164.jpg', 'image/jpeg', 'jpg', '', NULL, NULL, 'guest', NULL, NULL, '2019-07-22 19:16:22', '2019-07-22 19:16:22', 68, 1),
(835, 'pict4170.jpg', 'image/jpeg', 'jpg', '', NULL, NULL, 'guest', NULL, NULL, '2019-07-22 19:16:22', '2019-07-22 19:16:22', 68, 1),
(836, 'pict4171.jpg', 'image/jpeg', 'jpg', '', NULL, NULL, 'guest', NULL, NULL, '2019-07-22 19:16:22', '2019-07-22 19:16:22', 68, 1),
(837, 'pict4172.jpg', 'image/jpeg', 'jpg', '', NULL, NULL, 'guest', NULL, NULL, '2019-07-22 19:16:22', '2019-07-22 19:16:22', 68, 1),
(838, 'pict4180.jpg', 'image/jpeg', 'jpg', '', NULL, NULL, 'guest', NULL, NULL, '2019-07-22 19:16:22', '2019-07-22 19:16:22', 89, 1),
(839, 'pict4183.jpg', 'image/jpeg', 'jpg', '', NULL, NULL, 'guest', NULL, NULL, '2019-07-22 19:16:22', '2019-07-22 19:16:22', 68, 1),
(840, 'pict4186.jpg', 'image/jpeg', 'jpg', '', NULL, NULL, 'guest', NULL, NULL, '2019-07-22 19:16:22', '2019-07-22 19:16:22', 68, 1),
(841, 'pict4187.jpg', 'image/jpeg', 'jpg', '', NULL, NULL, 'guest', NULL, NULL, '2019-07-22 19:16:22', '2019-07-22 19:16:22', 68, 1),
(842, 'pict4188.jpg', 'image/jpeg', 'jpg', '', NULL, NULL, 'guest', NULL, NULL, '2019-07-22 19:16:22', '2019-07-22 19:16:22', 68, 1),
(844, 'pict4191.jpg', 'image/jpeg', 'jpg', '', NULL, NULL, 'guest', NULL, NULL, '2019-07-22 19:16:22', '2019-07-22 19:16:22', 68, 1),
(845, 'pict4192.jpg', 'image/jpeg', 'jpg', '', NULL, NULL, 'guest', NULL, NULL, '2019-07-22 19:16:22', '2019-07-22 19:16:22', 68, 1),
(846, 'pict4278.jpg', 'image/jpeg', 'jpg', '', NULL, NULL, 'guest', NULL, NULL, '2019-07-22 19:16:22', '2019-07-22 19:16:22', 68, 1),
(847, 'pict4284.jpg', 'image/jpeg', 'jpg', '', NULL, NULL, 'guest', NULL, NULL, '2019-07-22 19:16:22', '2019-07-22 19:16:22', 68, 1),
(848, 'pict4285.jpg', 'image/jpeg', 'jpg', '', NULL, NULL, 'guest', NULL, NULL, '2019-07-22 19:16:22', '2019-07-22 19:16:22', 68, 1),
(849, 'pict4286.jpg', 'image/jpeg', 'jpg', '', NULL, NULL, 'guest', NULL, NULL, '2019-07-22 19:16:22', '2019-07-22 19:16:22', 68, 1),
(850, 'pict4289.jpg', 'image/jpeg', 'jpg', '', NULL, NULL, 'guest', NULL, NULL, '2019-07-22 19:16:22', '2019-07-22 19:16:22', 68, 1),
(851, 'pict4290.jpg', 'image/jpeg', 'jpg', '', NULL, NULL, 'guest', NULL, NULL, '2019-07-22 19:16:22', '2019-07-22 19:16:22', 68, 1),
(852, 'pict4293.jpg', 'image/jpeg', 'jpg', '', NULL, NULL, 'guest', NULL, NULL, '2019-07-22 19:16:22', '2019-07-22 19:16:22', 68, 1),
(853, 'pict4294.jpg', 'image/jpeg', 'jpg', '', NULL, NULL, 'guest', NULL, NULL, '2019-07-22 19:16:22', '2019-07-22 19:16:22', 68, 1),
(854, 'pict4295.jpg', 'image/jpeg', 'jpg', '', NULL, NULL, 'guest', NULL, NULL, '2019-07-22 19:16:22', '2019-07-22 19:16:22', 68, 1),
(855, 'pict4297.jpg', 'image/jpeg', 'jpg', '', NULL, NULL, 'guest', NULL, NULL, '2019-07-22 19:16:22', '2019-07-22 19:16:22', 68, 1),
(856, 'pict4301.jpg', 'image/jpeg', 'jpg', '', NULL, NULL, 'guest', NULL, NULL, '2019-07-22 19:16:22', '2019-07-22 19:16:22', 68, 1),
(860, 'pict4303.jpg', 'image/jpeg', 'jpg', '', NULL, NULL, 'guest', NULL, NULL, '2019-07-22 19:16:22', '2019-07-22 19:16:22', 68, 1),
(861, 'pict4304.jpg', 'image/jpeg', 'jpg', '', NULL, NULL, 'guest', NULL, NULL, '2019-07-22 19:16:22', '2019-07-22 19:16:22', 68, 1),
(862, 'pict4308.jpg', 'image/jpeg', 'jpg', '', NULL, NULL, 'guest', NULL, NULL, '2019-07-22 19:16:22', '2019-07-22 19:16:22', 68, 1),
(863, 'pict4309.jpg', 'image/jpeg', 'jpg', '', NULL, NULL, 'guest', NULL, NULL, '2019-07-22 19:16:22', '2019-07-22 19:16:22', 68, 1),
(864, 'pict4310.jpg', 'image/jpeg', 'jpg', '', NULL, NULL, 'guest', NULL, NULL, '2019-07-22 19:16:22', '2019-07-22 19:16:22', 68, 1),
(865, 'pict4311.jpg', 'image/jpeg', 'jpg', '', NULL, NULL, 'guest', NULL, NULL, '2019-07-22 19:16:22', '2019-07-22 19:16:22', 68, 1),
(866, 'pict4312.jpg', 'image/jpeg', 'jpg', '', NULL, NULL, 'guest', NULL, NULL, '2019-07-22 19:16:22', '2019-07-22 19:16:22', 68, 1),
(867, 'pict4314.jpg', 'image/jpeg', 'jpg', '', NULL, NULL, 'guest', NULL, NULL, '2019-07-22 19:16:22', '2019-07-22 19:16:22', 68, 1),
(868, 'pict4315.jpg', 'image/jpeg', 'jpg', '', NULL, NULL, 'guest', NULL, NULL, '2019-07-22 19:16:22', '2019-07-22 19:16:22', 68, 1),
(869, 'pict4316.jpg', 'image/jpeg', 'jpg', '', NULL, NULL, 'guest', NULL, NULL, '2019-07-22 19:16:22', '2019-07-22 19:16:22', 68, 1);
INSERT INTO `libraries` (`id`, `library_media_name`, `library_media_type`, `library_media_extension`, `library_media_param`, `library_media_order`, `library_media_size`, `library_media_resource`, `library_media_url`, `library_media_hash`, `createdAt`, `updatedAt`, `LibrarycategoryId`, `UserId`) VALUES
(870, 'pict4317.jpg', 'image/jpeg', 'jpg', '', NULL, NULL, 'guest', NULL, NULL, '2019-07-22 19:16:22', '2019-07-22 19:16:22', 68, 1),
(871, 'pict4320.jpg', 'image/jpeg', 'jpg', '', NULL, NULL, 'guest', NULL, NULL, '2019-07-22 19:16:22', '2019-07-22 19:16:22', 68, 1),
(872, 'pict4324.jpg', 'image/jpeg', 'jpg', '', NULL, NULL, 'guest', NULL, NULL, '2019-07-22 19:16:22', '2019-07-22 19:16:22', 68, 1),
(882, 'pict4330.jpg', 'image/jpeg', 'jpg', '', NULL, NULL, 'guest', NULL, NULL, '2019-07-22 19:16:22', '2019-07-22 19:16:22', 68, 1),
(883, 'pict4331.jpg', 'image/jpeg', 'jpg', '', NULL, NULL, 'guest', NULL, NULL, '2019-07-22 19:16:22', '2019-07-22 19:16:22', 68, 1),
(884, 'pict4333.jpg', 'image/jpeg', 'jpg', '', NULL, NULL, 'guest', NULL, NULL, '2019-07-22 19:16:22', '2019-07-22 19:16:22', 68, 1),
(886, 'pict4340.jpg', 'image/jpeg', 'jpg', '', NULL, NULL, 'guest', NULL, NULL, '2019-07-22 19:16:22', '2019-07-22 19:16:22', 68, 1),
(887, 'pict4341.jpg', 'image/jpeg', 'jpg', '', NULL, NULL, 'guest', NULL, NULL, '2019-07-22 19:16:22', '2019-07-22 19:16:22', 68, 1),
(888, 'pict4342.jpg', 'image/jpeg', 'jpg', '', NULL, NULL, 'guest', NULL, NULL, '2019-07-22 19:16:22', '2019-07-22 19:16:22', 68, 1),
(889, 'pict4343.jpg', 'image/jpeg', 'jpg', '', NULL, NULL, 'guest', NULL, NULL, '2019-07-22 19:16:22', '2019-07-22 19:16:22', 68, 1),
(890, 'pict4348.jpg', 'image/jpeg', 'jpg', '', NULL, NULL, 'guest', NULL, NULL, '2019-07-22 19:16:22', '2019-07-22 19:16:22', 68, 1),
(891, 'pict4349.jpg', 'image/jpeg', 'jpg', '', NULL, NULL, 'guest', NULL, NULL, '2019-07-22 19:16:22', '2019-07-22 19:16:22', 68, 1),
(892, 'pict4350.jpg', 'image/jpeg', 'jpg', '', NULL, NULL, 'guest', NULL, NULL, '2019-07-22 19:16:22', '2019-07-22 19:16:22', 68, 1),
(893, 'pict4351.jpg', 'image/jpeg', 'jpg', '', NULL, NULL, 'guest', NULL, NULL, '2019-07-22 19:16:22', '2019-07-22 19:16:22', 68, 1),
(894, 'pict4352.jpg', 'image/jpeg', 'jpg', '', NULL, NULL, 'guest', NULL, NULL, '2019-07-22 19:16:22', '2019-07-22 19:16:22', 68, 1),
(895, 'pict4355.jpg', 'image/jpeg', 'jpg', '', NULL, NULL, 'guest', NULL, NULL, '2019-07-22 19:16:22', '2019-07-22 19:16:22', 68, 1),
(896, 'pict4360.jpg', 'image/jpeg', 'jpg', '', NULL, NULL, 'guest', NULL, NULL, '2019-07-22 19:16:22', '2019-07-22 19:16:22', 68, 1),
(897, 'pict4362.jpg', 'image/jpeg', 'jpg', '', NULL, NULL, 'guest', NULL, NULL, '2019-07-22 19:16:22', '2019-07-22 19:16:22', 68, 1),
(903, 'dsc02093.jpg', 'image/jpeg', 'jpg', '', NULL, NULL, 'guest', NULL, NULL, '2019-07-22 19:16:22', '2019-07-22 19:16:22', 68, 1),
(904, 'dsc02094.jpg', 'image/jpeg', 'jpg', '', NULL, NULL, 'guest', NULL, NULL, '2019-07-22 19:16:22', '2019-07-22 19:16:22', 68, 1),
(905, 'dsc02095.jpg', 'image/jpeg', 'jpg', '', NULL, NULL, 'guest', NULL, NULL, '2019-07-22 19:16:22', '2019-07-22 19:16:22', 68, 1),
(906, 'dsc02098.jpg', 'image/jpeg', 'jpg', '', NULL, NULL, 'guest', NULL, NULL, '2019-07-22 19:16:22', '2019-07-22 19:16:22', 68, 1),
(907, 'dsc02115.jpg', 'image/jpeg', 'jpg', '', NULL, NULL, 'guest', NULL, NULL, '2019-07-22 19:16:24', '2019-07-22 19:16:24', 68, 1),
(908, 'dsc02120.jpg', 'image/jpeg', 'jpg', '', NULL, NULL, 'guest', NULL, NULL, '2019-07-22 19:16:24', '2019-07-22 19:16:24', 68, 1),
(909, 'dsc02130.jpg', 'image/jpeg', 'jpg', '', NULL, NULL, 'guest', NULL, NULL, '2019-07-22 19:16:24', '2019-07-22 19:16:24', 68, 1),
(910, 'dsc02132.jpg', 'image/jpeg', 'jpg', '', NULL, NULL, 'guest', NULL, NULL, '2019-07-22 19:16:24', '2019-07-22 19:16:24', 68, 1),
(911, 'dsc02135.jpg', 'image/jpeg', 'jpg', '', NULL, NULL, 'guest', NULL, NULL, '2019-07-22 19:16:24', '2019-07-22 19:16:24', 68, 1),
(912, 'dsc02137.jpg', 'image/jpeg', 'jpg', '', NULL, NULL, 'guest', NULL, NULL, '2019-07-22 19:16:24', '2019-07-22 19:16:24', 68, 1),
(913, 'dsc02141.jpg', 'image/jpeg', 'jpg', '', NULL, NULL, 'guest', NULL, NULL, '2019-07-22 19:16:24', '2019-07-22 19:16:24', 68, 1),
(914, 'dsc02143.jpg', 'image/jpeg', 'jpg', '', NULL, NULL, 'guest', NULL, NULL, '2019-07-22 19:16:24', '2019-07-22 19:16:24', 68, 1),
(915, 'dsc02144.jpg', 'image/jpeg', 'jpg', '', NULL, NULL, 'guest', NULL, NULL, '2019-07-22 19:16:22', '2019-07-22 19:16:22', 68, 1),
(916, 'dsc02145.jpg', 'image/jpeg', 'jpg', '', NULL, NULL, 'guest', NULL, NULL, '2019-07-22 19:16:22', '2019-07-22 19:16:22', 68, 1),
(917, 'dsc02130.jpg', 'image/jpeg', 'jpg', '', NULL, NULL, 'guest', NULL, NULL, '2019-07-22 19:16:22', '2019-07-22 19:16:22', 68, 1),
(918, 'dsc02131.jpg', 'image/jpeg', 'jpg', '', NULL, NULL, 'guest', NULL, NULL, '2019-07-22 19:16:22', '2019-07-22 19:16:22', 68, 1),
(919, 'dsc02132.jpg', 'image/jpeg', 'jpg', '', NULL, NULL, 'guest', NULL, NULL, '2019-07-22 19:16:22', '2019-07-22 19:16:22', 68, 1),
(920, 'dsc02135.jpg', 'image/jpeg', 'jpg', '', NULL, NULL, 'guest', NULL, NULL, '2019-07-22 19:16:22', '2019-07-22 19:16:22', 68, 1),
(921, 'dsc02137.jpg', 'image/jpeg', 'jpg', '', NULL, NULL, 'guest', NULL, NULL, '2019-07-22 19:16:22', '2019-07-22 19:16:22', 68, 1),
(922, 'dsc02141.jpg', 'image/jpeg', 'jpg', '', NULL, NULL, 'guest', NULL, NULL, '2019-07-22 19:16:22', '2019-07-22 19:16:22', 68, 1),
(923, 'dsc02143.jpg', 'image/jpeg', 'jpg', '', NULL, NULL, 'guest', NULL, NULL, '2019-07-22 19:16:22', '2019-07-22 19:16:22', 68, 1),
(929, 'dsc02115.jpg', 'image/jpeg', 'jpg', '', NULL, NULL, 'guest', NULL, NULL, '2019-07-22 19:16:22', '2019-07-22 19:16:22', 68, 1),
(930, 'pict4353.jpg', 'image/jpeg', 'jpg', '', NULL, NULL, 'guest', NULL, NULL, '2019-07-22 19:16:22', '2019-07-22 19:16:22', 68, 1),
(931, 'pict4503.jpg', 'image/jpeg', 'jpg', '', NULL, NULL, 'guest', NULL, NULL, '2019-07-22 19:16:22', '2019-07-22 19:16:22', 68, 1),
(932, 'pict4504.jpg', 'image/jpeg', 'jpg', '', NULL, NULL, 'guest', NULL, NULL, '2019-07-22 19:16:22', '2019-07-22 19:16:22', 68, 1),
(933, 'pict4506.jpg', 'image/jpeg', 'jpg', '', NULL, NULL, 'guest', NULL, NULL, '2019-07-22 19:16:22', '2019-07-22 19:16:22', 68, 1),
(934, 'pict4507.jpg', 'image/jpeg', 'jpg', '', NULL, NULL, 'guest', NULL, NULL, '2019-07-22 19:16:22', '2019-07-22 19:16:22', 68, 1),
(935, 'pict4509.jpg', 'image/jpeg', 'jpg', '', NULL, NULL, 'guest', NULL, NULL, '2019-07-22 19:16:22', '2019-07-22 19:16:22', 68, 1),
(936, 'pict4066.jpg', 'image/jpeg', 'jpg', '', NULL, NULL, 'guest', NULL, NULL, '2019-07-22 19:16:23', '2019-07-22 19:16:23', 65, 1),
(937, 'pict4067.jpg', 'image/jpeg', 'jpg', '', NULL, NULL, 'guest', NULL, NULL, '2019-07-22 19:16:23', '2019-07-22 19:16:23', 65, 1),
(938, 'pict4070.jpg', 'image/jpeg', 'jpg', '', NULL, NULL, 'guest', NULL, NULL, '2019-07-22 19:16:23', '2019-07-22 19:16:23', 65, 1),
(939, 'pict4071.jpg', 'image/jpeg', 'jpg', '', NULL, NULL, 'guest', NULL, NULL, '2019-07-22 19:16:23', '2019-07-22 19:16:23', 65, 1),
(948, 'pict4622.jpg', 'image/jpeg', 'jpg', '', NULL, NULL, 'guest', NULL, NULL, '2019-07-22 19:16:22', '2019-07-22 19:16:22', 68, 1),
(949, 'pict4623.jpg', 'image/jpeg', 'jpg', '', NULL, NULL, 'guest', NULL, NULL, '2019-07-22 19:16:22', '2019-07-22 19:16:22', 68, 1),
(950, 'pict4624.jpg', 'image/jpeg', 'jpg', '', NULL, NULL, 'guest', NULL, NULL, '2019-07-22 19:16:22', '2019-07-22 19:16:22', 68, 1),
(951, 'dsc02139.jpg', 'image/jpeg', 'jpg', '', NULL, NULL, 'guest', NULL, NULL, '2019-07-22 19:16:22', '2019-07-22 19:16:22', 68, 1),
(953, 'dsc01407.jpg', 'image/jpeg', 'jpg', '', NULL, NULL, 'guest', NULL, NULL, '2019-07-22 19:16:22', '2019-07-22 19:16:22', 1, 1),
(954, 'dsc01410.jpg', 'image/jpeg', 'jpg', '', NULL, NULL, 'guest', NULL, NULL, '2019-07-22 19:16:22', '2019-07-22 19:16:22', 3, 1),
(956, 'dsc01416.jpg', 'image/jpeg', 'jpg', '', NULL, NULL, 'guest', NULL, NULL, '2019-07-22 19:16:22', '2019-07-22 19:16:22', 3, 1),
(957, 'dsc01417.jpg', 'image/jpeg', 'jpg', '', NULL, NULL, 'guest', NULL, NULL, '2019-07-22 19:16:22', '2019-07-22 19:16:22', 3, 1),
(958, 'img 03.jpg', 'image/jpeg', 'jpg', '', NULL, NULL, 'guest', NULL, NULL, '2019-07-22 19:16:23', '2019-07-22 19:16:23', 92, 1),
(959, 'cahier des charges client app.2;4.doc', 'application/vnd.openxmlformats', 'doc', 'documents', NULL, NULL, 'guest', NULL, NULL, '2019-07-22 19:16:24', '2019-07-22 19:16:24', 120, 1),
(960, 'apparts 2-4.pdf', 'application/pdf', 'pdf', 'documents', NULL, NULL, 'guest', NULL, NULL, '2019-07-22 19:16:24', '2019-07-22 19:16:24', 120, 1),
(961, 'img 01.jpg', 'image/jpeg', 'jpg', '', NULL, NULL, 'guest', NULL, NULL, '2019-07-22 19:16:24', '2019-07-22 19:16:24', 121, 1),
(962, 'cahier des charges client app.1;3;5.doc', 'application/vnd.openxmlformats', 'doc', 'documents', NULL, NULL, 'guest', NULL, NULL, '2019-07-22 19:16:24', '2019-07-22 19:16:24', 121, 1),
(963, 'cahier des charges client app.2;4.doc', 'application/vnd.openxmlformats', 'doc', 'documents', NULL, NULL, 'guest', NULL, NULL, '2019-07-22 19:16:24', '2019-07-22 19:16:24', 122, 1),
(965, 'img 01.jpg', 'image/jpeg', 'jpg', '', NULL, NULL, 'guest', NULL, NULL, '2019-07-22 19:16:24', '2019-07-22 19:16:24', 122, 1),
(966, 'apparts 2-4.pdf', 'application/pdf', 'pdf', 'documents', NULL, NULL, 'guest', NULL, NULL, '2019-07-22 19:16:24', '2019-07-22 19:16:24', 122, 1),
(967, 'apparts 3-5.pdf', 'application/pdf', 'pdf', 'documents', NULL, NULL, 'guest', NULL, NULL, '2019-07-22 19:16:24', '2019-07-22 19:16:24', 121, 1),
(968, 'img 01.jpg', 'image/jpeg', 'jpg', '', NULL, NULL, 'guest', NULL, NULL, '2019-07-22 19:16:24', '2019-07-22 19:16:24', 123, 1),
(969, 'apparts 3-5.pdf', 'application/pdf', 'pdf', 'documents', NULL, NULL, 'guest', NULL, NULL, '2019-07-22 19:16:24', '2019-07-22 19:16:24', 123, 1),
(970, 'cahier des charges client app.1;3;5.doc', 'application/vnd.openxmlformats', 'doc', 'documents', NULL, NULL, 'guest', NULL, NULL, '2019-07-22 19:16:24', '2019-07-22 19:16:24', 123, 1),
(971, 'img 03.jpg', 'image/jpeg', 'jpg', '', NULL, NULL, 'guest', NULL, NULL, '2019-07-22 19:16:24', '2019-07-22 19:16:24', 121, 1),
(972, 'img 01.jpg', 'image/jpeg', 'jpg', '', NULL, NULL, 'guest', NULL, NULL, '2019-07-22 19:16:23', '2019-07-22 19:16:23', 71, 1),
(973, 'img 02.jpg', 'image/jpeg', 'jpg', '', NULL, NULL, 'guest', NULL, NULL, '2019-07-22 19:16:23', '2019-07-22 19:16:23', 71, 1),
(974, 'img 03.jpg', 'image/jpeg', 'jpg', '', NULL, NULL, 'guest', NULL, NULL, '2019-07-22 19:16:23', '2019-07-22 19:16:23', 71, 1),
(981, 'sa400659.jpg', 'image/jpeg', 'jpg', '', NULL, NULL, 'guest', NULL, NULL, '2019-07-22 19:16:23', '2019-07-22 19:16:23', 65, 1),
(982, 'sa400655.jpg', 'image/jpeg', 'jpg', '', NULL, NULL, 'guest', NULL, NULL, '2019-07-22 19:16:23', '2019-07-22 19:16:23', 65, 1),
(983, 'sa400656.jpg', 'image/jpeg', 'jpg', '', NULL, NULL, 'guest', NULL, NULL, '2019-07-22 19:16:23', '2019-07-22 19:16:23', 65, 1),
(984, 'pict4071.jpg', 'image/jpeg', 'jpg', '', NULL, NULL, 'guest', NULL, NULL, '2019-07-22 19:16:23', '2019-07-22 19:16:23', 90, 1),
(987, 'pict4770.jpg', 'image/jpeg', 'jpg', '', NULL, NULL, 'guest', NULL, NULL, '2019-07-22 19:16:23', '2019-07-22 19:16:23', 72, 1),
(988, 'pict4771.jpg', 'image/jpeg', 'jpg', '', NULL, NULL, 'guest', NULL, NULL, '2019-07-22 19:16:23', '2019-07-22 19:16:23', 72, 1),
(989, 'pict4772.jpg', 'image/jpeg', 'jpg', '', NULL, NULL, 'guest', NULL, NULL, '2019-07-22 19:16:23', '2019-07-22 19:16:23', 72, 1),
(990, 'pict4773.jpg', 'image/jpeg', 'jpg', '', NULL, NULL, 'guest', NULL, NULL, '2019-07-22 19:16:23', '2019-07-22 19:16:23', 72, 1),
(991, 'pict4774.jpg', 'image/jpeg', 'jpg', '', NULL, NULL, 'guest', NULL, NULL, '2019-07-22 19:16:23', '2019-07-22 19:16:23', 72, 1),
(992, 'pict4775.jpg', 'image/jpeg', 'jpg', '', NULL, NULL, 'guest', NULL, NULL, '2019-07-22 19:16:23', '2019-07-22 19:16:23', 72, 1),
(993, 'pict4776.jpg', 'image/jpeg', 'jpg', '', NULL, NULL, 'guest', NULL, NULL, '2019-07-22 19:16:23', '2019-07-22 19:16:23', 72, 1),
(994, 'pict4777.jpg', 'image/jpeg', 'jpg', '', NULL, NULL, 'guest', NULL, NULL, '2019-07-22 19:16:23', '2019-07-22 19:16:23', 72, 1),
(995, 'pict4778.jpg', 'image/jpeg', 'jpg', '', NULL, NULL, 'guest', NULL, NULL, '2019-07-22 19:16:23', '2019-07-22 19:16:23', 72, 1),
(996, 'wp_000085.jpg', 'image/jpeg', 'jpg', '', NULL, NULL, 'guest', NULL, NULL, '2019-07-22 19:16:23', '2019-07-22 19:16:23', 72, 1),
(997, 'wp_000106.jpg', 'image/jpeg', 'jpg', '', NULL, NULL, 'guest', NULL, NULL, '2019-07-22 19:16:23', '2019-07-22 19:16:23', 72, 1),
(998, 'wp_000108.jpg', 'image/jpeg', 'jpg', '', NULL, NULL, 'guest', NULL, NULL, '2019-07-22 19:16:23', '2019-07-22 19:16:23', 72, 1),
(999, 'pict4503.jpg', 'image/jpeg', 'jpg', '', NULL, NULL, 'guest', NULL, NULL, '2019-07-22 19:16:22', '2019-07-22 19:16:22', 89, 1),
(1000, 'pict4794.jpg', 'image/jpeg', 'jpg', '', NULL, NULL, 'guest', NULL, NULL, '2019-07-22 19:16:22', '2019-07-22 19:16:22', 68, 1),
(1002, 'dsc03978.jpg', 'image/jpeg', 'jpg', '', NULL, NULL, 'guest', NULL, NULL, '2019-07-22 19:16:23', '2019-07-22 19:16:23', 72, 1),
(1004, 'dsc03980.jpg', 'image/jpeg', 'jpg', '', NULL, NULL, 'guest', NULL, NULL, '2019-07-22 19:16:23', '2019-07-22 19:16:23', 72, 1),
(1005, 'dsc03981.jpg', 'image/jpeg', 'jpg', '', NULL, NULL, 'guest', NULL, NULL, '2019-07-22 19:16:23', '2019-07-22 19:16:23', 72, 1),
(1006, 'dsc03982.jpg', 'image/jpeg', 'jpg', '', NULL, NULL, 'guest', NULL, NULL, '2019-07-22 19:16:23', '2019-07-22 19:16:23', 72, 1),
(1008, 'dsc03984.jpg', 'image/jpeg', 'jpg', '', NULL, NULL, 'guest', NULL, NULL, '2019-07-22 19:16:23', '2019-07-22 19:16:23', 72, 1),
(1009, 'dsc03985.jpg', 'image/jpeg', 'jpg', '', NULL, NULL, 'guest', NULL, NULL, '2019-07-22 19:16:23', '2019-07-22 19:16:23', 72, 1),
(1010, 'dsc03986.jpg', 'image/jpeg', 'jpg', '', NULL, NULL, 'guest', NULL, NULL, '2019-07-22 19:16:23', '2019-07-22 19:16:23', 72, 1),
(1011, 'dsc03987.jpg', 'image/jpeg', 'jpg', '', NULL, NULL, 'guest', NULL, NULL, '2019-07-22 19:16:23', '2019-07-22 19:16:23', 72, 1),
(1012, 'dsc03988.jpg', 'image/jpeg', 'jpg', '', NULL, NULL, 'guest', NULL, NULL, '2019-07-22 19:16:23', '2019-07-22 19:16:23', 72, 1),
(1013, 'dsc03980.jpg', 'image/jpeg', 'jpg', '', NULL, NULL, 'guest', NULL, NULL, '2019-07-22 19:16:23', '2019-07-22 19:16:23', 72, 1),
(1014, 'dsc04096.jpg', 'image/jpeg', 'jpg', '', NULL, NULL, 'guest', NULL, NULL, '2019-07-22 19:16:23', '2019-07-22 19:16:23', 72, 1),
(1015, 'dsc04097.jpg', 'image/jpeg', 'jpg', '', NULL, NULL, 'guest', NULL, NULL, '2019-07-22 19:16:23', '2019-07-22 19:16:23', 72, 1),
(1016, 'dsc04098.jpg', 'image/jpeg', 'jpg', '', NULL, NULL, 'guest', NULL, NULL, '2019-07-22 19:16:23', '2019-07-22 19:16:23', 72, 1),
(1017, 'dsc04099.jpg', 'image/jpeg', 'jpg', '', NULL, NULL, 'guest', NULL, NULL, '2019-07-22 19:16:23', '2019-07-22 19:16:23', 72, 1),
(1018, 'dsc04100.jpg', 'image/jpeg', 'jpg', '', NULL, NULL, 'guest', NULL, NULL, '2019-07-22 19:16:23', '2019-07-22 19:16:23', 72, 1),
(1019, 'dsc04101.jpg', 'image/jpeg', 'jpg', '', NULL, NULL, 'guest', NULL, NULL, '2019-07-22 19:16:23', '2019-07-22 19:16:23', 72, 1),
(1020, 'dsc04102.jpg', 'image/jpeg', 'jpg', '', NULL, NULL, 'guest', NULL, NULL, '2019-07-22 19:16:23', '2019-07-22 19:16:23', 72, 1),
(1021, 'pict4997.jpg', 'image/jpeg', 'jpg', '', NULL, NULL, 'guest', NULL, NULL, '2019-07-22 19:16:23', '2019-07-22 19:16:23', 72, 1),
(1024, 'pict5000.jpg', 'image/jpeg', 'jpg', '', NULL, NULL, 'guest', NULL, NULL, '2019-07-22 19:16:23', '2019-07-22 19:16:23', 72, 1),
(1025, 'pict5001.jpg', 'image/jpeg', 'jpg', '', NULL, NULL, 'guest', NULL, NULL, '2019-07-22 19:16:23', '2019-07-22 19:16:23', 72, 1),
(1026, 'dscn0014.jpg', 'image/jpeg', 'jpg', '', NULL, NULL, 'guest', NULL, NULL, '2019-07-22 19:16:23', '2019-07-22 19:16:23', 72, 1),
(1027, 'dscn0016.jpg', 'image/jpeg', 'jpg', '', NULL, NULL, 'guest', NULL, NULL, '2019-07-22 19:16:23', '2019-07-22 19:16:23', 72, 1),
(1030, 'dscn0021.jpg', 'image/jpeg', 'jpg', '', NULL, NULL, 'guest', NULL, NULL, '2019-07-22 19:16:23', '2019-07-22 19:16:23', 72, 1),
(1031, 'dscn0022.jpg', 'image/jpeg', 'jpg', '', NULL, NULL, 'guest', NULL, NULL, '2019-07-22 19:16:23', '2019-07-22 19:16:23', 72, 1),
(1032, 'dscn0023.jpg', 'image/jpeg', 'jpg', '', NULL, NULL, 'guest', NULL, NULL, '2019-07-22 19:16:23', '2019-07-22 19:16:23', 72, 1),
(1033, 'pict5006.jpg', 'image/jpeg', 'jpg', '', NULL, NULL, 'guest', NULL, NULL, '2019-07-22 19:16:23', '2019-07-22 19:16:23', 72, 1),
(1034, 'pict5007.jpg', 'image/jpeg', 'jpg', '', NULL, NULL, 'guest', NULL, NULL, '2019-07-22 19:16:23', '2019-07-22 19:16:23', 72, 1),
(1035, 'dscn0564.jpg', 'image/jpeg', 'jpg', '', NULL, NULL, 'guest', NULL, NULL, '2019-07-22 19:16:23', '2019-07-22 19:16:23', 72, 1),
(1037, 'dscn0566.jpg', 'image/jpeg', 'jpg', '', NULL, NULL, 'guest', NULL, NULL, '2019-07-22 19:16:23', '2019-07-22 19:16:23', 72, 1),
(1039, 'dscn0568.jpg', 'image/jpeg', 'jpg', '', NULL, NULL, 'guest', NULL, NULL, '2019-07-22 19:16:23', '2019-07-22 19:16:23', 72, 1),
(1040, 'dscn1609.jpg', 'image/jpeg', 'jpg', '', NULL, NULL, 'guest', NULL, NULL, '2019-07-22 19:16:23', '2019-07-22 19:16:23', 72, 1),
(1041, 'dscn1610.jpg', 'image/jpeg', 'jpg', '', NULL, NULL, 'guest', NULL, NULL, '2019-07-22 19:16:23', '2019-07-22 19:16:23', 72, 1),
(1043, 'dscn1768.jpg', 'image/jpeg', 'jpg', '', NULL, NULL, 'guest', NULL, NULL, '2019-07-22 19:16:23', '2019-07-22 19:16:23', 72, 1),
(1045, 'dscn1769.jpg', 'image/jpeg', 'jpg', '', NULL, NULL, 'guest', NULL, NULL, '2019-07-22 19:16:23', '2019-07-22 19:16:23', 72, 1),
(1046, 'dscn1772.jpg', 'image/jpeg', 'jpg', '', NULL, NULL, 'guest', NULL, NULL, '2019-07-22 19:16:23', '2019-07-22 19:16:23', 72, 1),
(1047, 'dscn1774.jpg', 'image/jpeg', 'jpg', '', NULL, NULL, 'guest', NULL, NULL, '2019-07-22 19:16:23', '2019-07-22 19:16:23', 72, 1),
(1048, 'dscn1782.jpg', 'image/jpeg', 'jpg', '', NULL, NULL, 'guest', NULL, NULL, '2019-07-22 19:16:23', '2019-07-22 19:16:23', 72, 1),
(1049, 'dscn1783.jpg', 'image/jpeg', 'jpg', '', NULL, NULL, 'guest', NULL, NULL, '2019-07-22 19:16:23', '2019-07-22 19:16:23', 72, 1),
(1050, 'image 01 immoweb.jpg', 'image/jpeg', 'jpg', '', NULL, NULL, 'guest', NULL, NULL, '2019-07-22 19:16:23', '2019-07-22 19:16:23', 93, 1),
(1051, 'r1 immoweb.jpg', 'image/jpeg', 'jpg', '', NULL, NULL, 'guest', NULL, NULL, '2019-07-22 19:16:24', '2019-07-22 19:16:24', 124, 1),
(1052, 'image 02 immoweb.jpg', 'image/jpeg', 'jpg', '', NULL, NULL, 'guest', NULL, NULL, '2019-07-22 19:16:23', '2019-07-22 19:16:23', 93, 1),
(1053, 'image 03 immoweb.jpg', 'image/jpeg', 'jpg', '', NULL, NULL, 'guest', NULL, NULL, '2019-07-22 19:16:23', '2019-07-22 19:16:23', 93, 1),
(1054, 'image 01 immoweb.jpg', 'image/jpeg', 'jpg', '', NULL, NULL, 'guest', NULL, NULL, '2019-07-22 19:16:23', '2019-07-22 19:16:23', 93, 1),
(1055, '205.jpg', 'image/jpeg', 'jpg', '', NULL, NULL, 'guest', NULL, NULL, '2019-07-22 19:16:23', '2019-07-22 19:16:23', 93, 1),
(1061, 'r2 immoweb.jpg', 'image/jpeg', 'jpg', '', NULL, NULL, 'guest', NULL, NULL, '2019-07-22 19:16:24', '2019-07-22 19:16:24', 125, 1),
(1062, 'r3 immoweb.jpg', 'image/jpeg', 'jpg', '', NULL, NULL, 'guest', NULL, NULL, '2019-07-22 19:16:24', '2019-07-22 19:16:24', 126, 1),
(1063, 'r4 immoweb.jpg', 'image/jpeg', 'jpg', '', NULL, NULL, 'guest', NULL, NULL, '2019-07-22 19:16:24', '2019-07-22 19:16:24', 127, 1),
(1064, 'r5 immoweb.jpg', 'image/jpeg', 'jpg', '', NULL, NULL, 'guest', NULL, NULL, '2019-07-22 19:16:24', '2019-07-22 19:16:24', 128, 1),
(1065, 'r6 immoweb.jpg', 'image/jpeg', 'jpg', '', NULL, NULL, 'guest', NULL, NULL, '2019-07-22 19:16:24', '2019-07-22 19:16:24', 129, 1),
(1066, 'r7 immoweb - copie.jpg', 'image/jpeg', 'jpg', '', NULL, NULL, 'guest', NULL, NULL, '2019-07-22 19:16:24', '2019-07-22 19:16:24', 130, 1),
(1067, 'r8 immoweb - copie.jpg', 'image/jpeg', 'jpg', '', NULL, NULL, 'guest', NULL, NULL, '2019-07-22 19:16:24', '2019-07-22 19:16:24', 131, 1),
(1068, '1-1 immoweb - copie.jpg', 'image/jpeg', 'jpg', '', NULL, NULL, 'guest', NULL, NULL, '2019-07-22 19:16:24', '2019-07-22 19:16:24', 132, 1),
(1069, '1-2 immoweb.jpg', 'image/jpeg', 'jpg', '', NULL, NULL, 'guest', NULL, NULL, '2019-07-22 19:16:24', '2019-07-22 19:16:24', 133, 1),
(1070, '1-3 immoweb.jpg', 'image/jpeg', 'jpg', '', NULL, NULL, 'guest', NULL, NULL, '2019-07-22 19:16:24', '2019-07-22 19:16:24', 134, 1),
(1071, '1-4 immoweb.jpg', 'image/jpeg', 'jpg', '', NULL, NULL, 'guest', NULL, NULL, '2019-07-22 19:16:24', '2019-07-22 19:16:24', 135, 1),
(1072, '1-5 immoweb.jpg', 'image/jpeg', 'jpg', '', NULL, NULL, 'guest', NULL, NULL, '2019-07-22 19:16:24', '2019-07-22 19:16:24', 136, 1),
(1073, '1-6 immoweb.jpg', 'image/jpeg', 'jpg', '', NULL, NULL, 'guest', NULL, NULL, '2019-07-22 19:16:24', '2019-07-22 19:16:24', 137, 1),
(1074, '1-7 immoweb.jpg', 'image/jpeg', 'jpg', '', NULL, NULL, 'guest', NULL, NULL, '2019-07-22 19:16:24', '2019-07-22 19:16:24', 138, 1),
(1075, '2-1 immoweb.jpg', 'image/jpeg', 'jpg', '', NULL, NULL, 'guest', NULL, NULL, '2019-07-22 19:16:24', '2019-07-22 19:16:24', 139, 1),
(1076, '2-2 immoweb.jpg', 'image/jpeg', 'jpg', '', NULL, NULL, 'guest', NULL, NULL, '2019-07-22 19:16:24', '2019-07-22 19:16:24', 140, 1),
(1077, '2-3 immoweb.jpg', 'image/jpeg', 'jpg', '', NULL, NULL, 'guest', NULL, NULL, '2019-07-22 19:16:24', '2019-07-22 19:16:24', 141, 1),
(1078, '2-4 immoweb.jpg', 'image/jpeg', 'jpg', '', NULL, NULL, 'guest', NULL, NULL, '2019-07-22 19:16:24', '2019-07-22 19:16:24', 142, 1),
(1079, '3-1 version 2.jpg', 'image/jpeg', 'jpg', '', NULL, NULL, 'guest', NULL, NULL, '2019-07-22 19:16:24', '2019-07-22 19:16:24', 143, 1),
(1080, '3-2 version 2.jpg', 'image/jpeg', 'jpg', '', NULL, NULL, 'guest', NULL, NULL, '2019-07-22 19:16:24', '2019-07-22 19:16:24', 144, 1),
(1081, '3-4 bis.jpg', 'image/jpeg', 'jpg', '', NULL, NULL, 'guest', NULL, NULL, '2019-07-22 19:16:24', '2019-07-22 19:16:24', 145, 1),
(1082, '3-5 bis.jpg', 'image/jpeg', 'jpg', '', NULL, NULL, 'guest', NULL, NULL, '2019-07-22 19:16:24', '2019-07-22 19:16:24', 146, 1),
(1085, 'image 05 hd.jpg', 'image/jpeg', 'jpg', '', NULL, NULL, 'guest', NULL, NULL, '2019-07-22 19:16:23', '2019-07-22 19:16:23', 93, 1),
(1086, 'image 06 hd.jpg', 'image/jpeg', 'jpg', '', NULL, NULL, 'guest', NULL, NULL, '2019-07-22 19:16:23', '2019-07-22 19:16:23', 93, 1),
(1087, 'image 04 immoweb.jpg', 'image/jpeg', 'jpg', '', NULL, NULL, 'guest', NULL, NULL, '2019-07-22 19:16:23', '2019-07-22 19:16:23', 93, 1),
(1090, 'sam_0475.jpg', 'image/jpeg', 'jpg', '', NULL, NULL, 'guest', NULL, NULL, '2019-07-22 19:16:23', '2019-07-22 19:16:23', 72, 1),
(1091, 'sam_0476.jpg', 'image/jpeg', 'jpg', '', NULL, NULL, 'guest', NULL, NULL, '2019-07-22 19:16:23', '2019-07-22 19:16:23', 72, 1),
(1092, 'sam_0477.jpg', 'image/jpeg', 'jpg', '', NULL, NULL, 'guest', NULL, NULL, '2019-07-22 19:16:23', '2019-07-22 19:16:23', 72, 1),
(1093, 'sam_0478.jpg', 'image/jpeg', 'jpg', '', NULL, NULL, 'guest', NULL, NULL, '2019-07-22 19:16:23', '2019-07-22 19:16:23', 72, 1),
(1095, 'sam_0480.jpg', 'image/jpeg', 'jpg', '', NULL, NULL, 'guest', NULL, NULL, '2019-07-22 19:16:23', '2019-07-22 19:16:23', 72, 1),
(1097, 'sam_0489.jpg', 'image/jpeg', 'jpg', '', NULL, NULL, 'guest', NULL, NULL, '2019-07-22 19:16:23', '2019-07-22 19:16:23', 92, 1),
(1099, 'sam_0481.jpg', 'image/jpeg', 'jpg', '', NULL, NULL, 'guest', NULL, NULL, '2019-07-22 19:16:23', '2019-07-22 19:16:23', 72, 1),
(1100, 'sam_0482.jpg', 'image/jpeg', 'jpg', '', NULL, NULL, 'guest', NULL, NULL, '2019-07-22 19:16:23', '2019-07-22 19:16:23', 72, 1),
(1102, 'sam_0484.jpg', 'image/jpeg', 'jpg', '', NULL, NULL, 'guest', NULL, NULL, '2019-07-22 19:16:23', '2019-07-22 19:16:23', 72, 1),
(1103, 'sam_0485.jpg', 'image/jpeg', 'jpg', '', NULL, NULL, 'guest', NULL, NULL, '2019-07-22 19:16:23', '2019-07-22 19:16:23', 72, 1),
(1104, 'sam_0486.jpg', 'image/jpeg', 'jpg', '', NULL, NULL, 'guest', NULL, NULL, '2019-07-22 19:16:23', '2019-07-22 19:16:23', 72, 1),
(1105, 'sam_0487.jpg', 'image/jpeg', 'jpg', '', NULL, NULL, 'guest', NULL, NULL, '2019-07-22 19:16:23', '2019-07-22 19:16:23', 72, 1),
(1106, 'sam_0488.jpg', 'image/jpeg', 'jpg', '', NULL, NULL, 'guest', NULL, NULL, '2019-07-22 19:16:23', '2019-07-22 19:16:23', 72, 1),
(1107, 'sam_0489.jpg', 'image/jpeg', 'jpg', '', NULL, NULL, 'guest', NULL, NULL, '2019-07-22 19:16:23', '2019-07-22 19:16:23', 72, 1),
(1108, 'sam_0490.jpg', 'image/jpeg', 'jpg', '', NULL, NULL, 'guest', NULL, NULL, '2019-07-22 19:16:23', '2019-07-22 19:16:23', 72, 1),
(1109, 'sam_0491.jpg', 'image/jpeg', 'jpg', '', NULL, NULL, 'guest', NULL, NULL, '2019-07-22 19:16:23', '2019-07-22 19:16:23', 72, 1),
(1110, 'sam_0492.jpg', 'image/jpeg', 'jpg', '', NULL, NULL, 'guest', NULL, NULL, '2019-07-22 19:16:23', '2019-07-22 19:16:23', 72, 1),
(1111, 'sam_0493.jpg', 'image/jpeg', 'jpg', '', NULL, NULL, 'guest', NULL, NULL, '2019-07-22 19:16:23', '2019-07-22 19:16:23', 72, 1),
(1112, 'sam_0494.jpg', 'image/jpeg', 'jpg', '', NULL, NULL, 'guest', NULL, NULL, '2019-07-22 19:16:23', '2019-07-22 19:16:23', 72, 1),
(1113, 'sam_0495.jpg', 'image/jpeg', 'jpg', '', NULL, NULL, 'guest', NULL, NULL, '2019-07-22 19:16:23', '2019-07-22 19:16:23', 72, 1),
(1116, 'dscn2610.jpg', 'image/jpeg', 'jpg', '', NULL, NULL, 'guest', NULL, NULL, '2019-07-22 19:16:23', '2019-07-22 19:16:23', 75, 1),
(1117, 'dscn2611.jpg', 'image/jpeg', 'jpg', '', NULL, NULL, 'guest', NULL, NULL, '2019-07-22 19:16:23', '2019-07-22 19:16:23', 75, 1),
(1118, 'dscn2612.jpg', 'image/jpeg', 'jpg', '', NULL, NULL, 'guest', NULL, NULL, '2019-07-22 19:16:23', '2019-07-22 19:16:23', 75, 1),
(1119, 'dscn2622.jpg', 'image/jpeg', 'jpg', '', NULL, NULL, 'guest', NULL, NULL, '2019-07-22 19:16:23', '2019-07-22 19:16:23', 75, 1),
(1120, 'close-up2.jpg', 'image/jpeg', 'jpg', '', NULL, NULL, 'guest', NULL, NULL, '2019-07-22 19:16:24', '2019-07-22 19:16:24', 128, 1),
(1121, 'image 02 immoweb -r5 et 1.2.jpg', 'image/jpeg', 'jpg', '', NULL, NULL, 'guest', NULL, NULL, '2019-07-22 19:16:24', '2019-07-22 19:16:24', 128, 1),
(1122, '1.2.jpg', 'image/jpeg', 'jpg', '', NULL, NULL, 'guest', NULL, NULL, '2019-07-22 19:16:24', '2019-07-22 19:16:24', 133, 1),
(1123, 'r5-draft_04.jpg', 'image/jpeg', 'jpg', '', NULL, NULL, 'guest', NULL, NULL, '2019-07-22 19:16:24', '2019-07-22 19:16:24', 128, 1),
(1124, 'dscn3352.jpg', 'image/jpeg', 'jpg', '', NULL, NULL, 'guest', NULL, NULL, '2019-07-22 19:16:23', '2019-07-22 19:16:23', 75, 1),
(1125, 'dscn3353.jpg', 'image/jpeg', 'jpg', '', NULL, NULL, 'guest', NULL, NULL, '2019-07-22 19:16:23', '2019-07-22 19:16:23', 75, 1),
(1126, 'dscn3354.jpg', 'image/jpeg', 'jpg', '', NULL, NULL, 'guest', NULL, NULL, '2019-07-22 19:16:23', '2019-07-22 19:16:23', 75, 1),
(1127, 'dscn3433.jpg', 'image/jpeg', 'jpg', '', NULL, NULL, 'guest', NULL, NULL, '2019-07-22 19:16:23', '2019-07-22 19:16:23', 75, 1),
(1128, 'dscn3434.jpg', 'image/jpeg', 'jpg', '', NULL, NULL, 'guest', NULL, NULL, '2019-07-22 19:16:23', '2019-07-22 19:16:23', 75, 1),
(1129, 'dscn3601.jpg', 'image/jpeg', 'jpg', '', NULL, NULL, 'guest', NULL, NULL, '2019-07-22 19:16:23', '2019-07-22 19:16:23', 75, 1),
(1130, 'dscn3602.jpg', 'image/jpeg', 'jpg', '', NULL, NULL, 'guest', NULL, NULL, '2019-07-22 19:16:23', '2019-07-22 19:16:23', 75, 1),
(1131, 'dscn3603.jpg', 'image/jpeg', 'jpg', '', NULL, NULL, 'guest', NULL, NULL, '2019-07-22 19:16:23', '2019-07-22 19:16:23', 75, 1),
(1132, 'dscn3604.jpg', 'image/jpeg', 'jpg', '', NULL, NULL, 'guest', NULL, NULL, '2019-07-22 19:16:23', '2019-07-22 19:16:23', 75, 1),
(1133, 'dscn3630.jpg', 'image/jpeg', 'jpg', '', NULL, NULL, 'guest', NULL, NULL, '2019-07-22 19:16:23', '2019-07-22 19:16:23', 93, 1),
(1134, 'dscn3631.jpg', 'image/jpeg', 'jpg', '', NULL, NULL, 'guest', NULL, NULL, '2019-07-22 19:16:23', '2019-07-22 19:16:23', 93, 1),
(1136, 'dscn3711.jpg', 'image/jpeg', 'jpg', '', NULL, NULL, 'guest', NULL, NULL, '2019-07-22 19:16:23', '2019-07-22 19:16:23', 75, 1),
(1137, 'dscn3712.jpg', 'image/jpeg', 'jpg', '', NULL, NULL, 'guest', NULL, NULL, '2019-07-22 19:16:23', '2019-07-22 19:16:23', 75, 1),
(1138, 'dscn3713.jpg', 'image/jpeg', 'jpg', '', NULL, NULL, 'guest', NULL, NULL, '2019-07-22 19:16:23', '2019-07-22 19:16:23', 75, 1),
(1139, 'dscn3714.jpg', 'image/jpeg', 'jpg', '', NULL, NULL, 'guest', NULL, NULL, '2019-07-22 19:16:23', '2019-07-22 19:16:23', 75, 1),
(1140, 'dscn3715.jpg', 'image/jpeg', 'jpg', '', NULL, NULL, 'guest', NULL, NULL, '2019-07-22 19:16:23', '2019-07-22 19:16:23', 75, 1),
(1141, 'dscn3716.jpg', 'image/jpeg', 'jpg', '', NULL, NULL, 'guest', NULL, NULL, '2019-07-22 19:16:23', '2019-07-22 19:16:23', 75, 1),
(1142, 'dscn3717.jpg', 'image/jpeg', 'jpg', '', NULL, NULL, 'guest', NULL, NULL, '2019-07-22 19:16:23', '2019-07-22 19:16:23', 75, 1),
(1143, 'dscn3718.jpg', 'image/jpeg', 'jpg', '', NULL, NULL, 'guest', NULL, NULL, '2019-07-22 19:16:23', '2019-07-22 19:16:23', 75, 1),
(1144, 'dscn3719.jpg', 'image/jpeg', 'jpg', '', NULL, NULL, 'guest', NULL, NULL, '2019-07-22 19:16:23', '2019-07-22 19:16:23', 75, 1),
(1145, 'dscn3720.jpg', 'image/jpeg', 'jpg', '', NULL, NULL, 'guest', NULL, NULL, '2019-07-22 19:16:23', '2019-07-22 19:16:23', 75, 1),
(1146, 'dscn3721.jpg', 'image/jpeg', 'jpg', '', NULL, NULL, 'guest', NULL, NULL, '2019-07-22 19:16:23', '2019-07-22 19:16:23', 75, 1),
(1147, 'dscn3722.jpg', 'image/jpeg', 'jpg', '', NULL, NULL, 'guest', NULL, NULL, '2019-07-22 19:16:23', '2019-07-22 19:16:23', 75, 1),
(1148, 'dscn4076.jpg', 'image/jpeg', 'jpg', '', NULL, NULL, 'guest', NULL, NULL, '2019-07-22 19:16:23', '2019-07-22 19:16:23', 75, 1),
(1149, 'dscn4083.jpg', 'image/jpeg', 'jpg', '', NULL, NULL, 'guest', NULL, NULL, '2019-07-22 19:16:23', '2019-07-22 19:16:23', 75, 1),
(1150, 'dscn4079.jpg', 'image/jpeg', 'jpg', '', NULL, NULL, 'guest', NULL, NULL, '2019-07-22 19:16:23', '2019-07-22 19:16:23', 75, 1),
(1151, 'dscn4080.jpg', 'image/jpeg', 'jpg', '', NULL, NULL, 'guest', NULL, NULL, '2019-07-22 19:16:23', '2019-07-22 19:16:23', 75, 1),
(1152, 'dscn4081.jpg', 'image/jpeg', 'jpg', '', NULL, NULL, 'guest', NULL, NULL, '2019-07-22 19:16:23', '2019-07-22 19:16:23', 75, 1),
(1153, 'dscn4208.jpg', 'image/jpeg', 'jpg', '', NULL, NULL, 'guest', NULL, NULL, '2019-07-22 19:16:23', '2019-07-22 19:16:23', 93, 1),
(1154, 'dscn4209.jpg', 'image/jpeg', 'jpg', '', NULL, NULL, 'guest', NULL, NULL, '2019-07-22 19:16:23', '2019-07-22 19:16:23', 75, 1),
(1155, 'dscn4211.jpg', 'image/jpeg', 'jpg', '', NULL, NULL, 'guest', NULL, NULL, '2019-07-22 19:16:23', '2019-07-22 19:16:23', 75, 1),
(1156, 'dscn4221.jpg', 'image/jpeg', 'jpg', '', NULL, NULL, 'guest', NULL, NULL, '2019-07-22 19:16:23', '2019-07-22 19:16:23', 75, 1),
(1157, 'dscn4242.jpg', 'image/jpeg', 'jpg', '', NULL, NULL, 'guest', NULL, NULL, '2019-07-22 19:16:23', '2019-07-22 19:16:23', 75, 1),
(1158, 'dscn4243.jpg', 'image/jpeg', 'jpg', '', NULL, NULL, 'guest', NULL, NULL, '2019-07-22 19:16:23', '2019-07-22 19:16:23', 75, 1),
(1159, 'dscn4244.jpg', 'image/jpeg', 'jpg', '', NULL, NULL, 'guest', NULL, NULL, '2019-07-22 19:16:23', '2019-07-22 19:16:23', 75, 1),
(1160, 'dscn4250.jpg', 'image/jpeg', 'jpg', '', NULL, NULL, 'guest', NULL, NULL, '2019-07-22 19:16:23', '2019-07-22 19:16:23', 75, 1),
(1162, 'dscn4258.jpg', 'image/jpeg', 'jpg', '', NULL, NULL, 'guest', NULL, NULL, '2019-07-22 19:16:23', '2019-07-22 19:16:23', 75, 1),
(1163, 'dscn4259.jpg', 'image/jpeg', 'jpg', '', NULL, NULL, 'guest', NULL, NULL, '2019-07-22 19:16:23', '2019-07-22 19:16:23', 75, 1),
(1164, 'dscn4260.jpg', 'image/jpeg', 'jpg', '', NULL, NULL, 'guest', NULL, NULL, '2019-07-22 19:16:23', '2019-07-22 19:16:23', 75, 1),
(1165, 'dscn4261.jpg', 'image/jpeg', 'jpg', '', NULL, NULL, 'guest', NULL, NULL, '2019-07-22 19:16:23', '2019-07-22 19:16:23', 75, 1),
(1166, 'dscn4262.jpg', 'image/jpeg', 'jpg', '', NULL, NULL, 'guest', NULL, NULL, '2019-07-22 19:16:23', '2019-07-22 19:16:23', 75, 1),
(1167, 'dscn4263.jpg', 'image/jpeg', 'jpg', '', NULL, NULL, 'guest', NULL, NULL, '2019-07-22 19:16:23', '2019-07-22 19:16:23', 75, 1),
(1168, 'dscn4268.jpg', 'image/jpeg', 'jpg', '', NULL, NULL, 'guest', NULL, NULL, '2019-07-22 19:16:23', '2019-07-22 19:16:23', 75, 1),
(1169, 'dscn4270.jpg', 'image/jpeg', 'jpg', '', NULL, NULL, 'guest', NULL, NULL, '2019-07-22 19:16:23', '2019-07-22 19:16:23', 75, 1),
(1170, 'dscn4274.jpg', 'image/jpeg', 'jpg', '', NULL, NULL, 'guest', NULL, NULL, '2019-07-22 19:16:23', '2019-07-22 19:16:23', 75, 1),
(1171, 'dscn4278.jpg', 'image/jpeg', 'jpg', '', NULL, NULL, 'guest', NULL, NULL, '2019-07-22 19:16:23', '2019-07-22 19:16:23', 75, 1),
(1172, 'dscn4318.jpg', 'image/jpeg', 'jpg', '', NULL, NULL, 'guest', NULL, NULL, '2019-07-22 19:16:23', '2019-07-22 19:16:23', 75, 1),
(1173, 'dscn4319.jpg', 'image/jpeg', 'jpg', '', NULL, NULL, 'guest', NULL, NULL, '2019-07-22 19:16:23', '2019-07-22 19:16:23', 75, 1),
(1174, 'dscn4941.jpg', 'image/jpeg', 'jpg', '', NULL, NULL, 'guest', NULL, NULL, '2019-07-22 19:16:23', '2019-07-22 19:16:23', 75, 1),
(1175, 'dscn4943.jpg', 'image/jpeg', 'jpg', '', NULL, NULL, 'guest', NULL, NULL, '2019-07-22 19:16:23', '2019-07-22 19:16:23', 75, 1),
(1176, 'dscn4946.jpg', 'image/jpeg', 'jpg', '', NULL, NULL, 'guest', NULL, NULL, '2019-07-22 19:16:23', '2019-07-22 19:16:23', 75, 1),
(1177, 'dscn4947.jpg', 'image/jpeg', 'jpg', '', NULL, NULL, 'guest', NULL, NULL, '2019-07-22 19:16:23', '2019-07-22 19:16:23', 75, 1),
(1178, 'dscn5358.jpg', 'image/jpeg', 'jpg', '', NULL, NULL, 'guest', NULL, NULL, '2019-07-22 19:16:23', '2019-07-22 19:16:23', 75, 1),
(1179, 'dscn5359.jpg', 'image/jpeg', 'jpg', '', NULL, NULL, 'guest', NULL, NULL, '2019-07-22 19:16:23', '2019-07-22 19:16:23', 75, 1),
(1180, 'image 01 - immoweb.jpg', 'image/jpeg', 'jpg', '', NULL, NULL, 'guest', NULL, NULL, '2019-07-22 19:16:23', '2019-07-22 19:16:23', 94, 1),
(1181, 'image 01_b.jpg', 'image/jpeg', 'jpg', '', NULL, NULL, 'guest', NULL, NULL, '2019-07-22 19:16:23', '2019-07-22 19:16:23', 94, 1),
(1183, 'r.4.jpg', 'image/jpeg', 'jpg', '', NULL, NULL, 'guest', NULL, NULL, '2019-07-22 19:16:24', '2019-07-22 19:16:24', 148, 1),
(1184, '1.3.jpg', 'image/jpeg', 'jpg', '', NULL, NULL, 'guest', NULL, NULL, '2019-07-22 19:16:24', '2019-07-22 19:16:24', 149, 1),
(1185, '1.4.jpg', 'image/jpeg', 'jpg', '', NULL, NULL, 'guest', NULL, NULL, '2019-07-22 19:16:24', '2019-07-22 19:16:24', 150, 1),
(1186, '1.5.jpg', 'image/jpeg', 'jpg', '', NULL, NULL, 'guest', NULL, NULL, '2019-07-22 19:16:24', '2019-07-22 19:16:24', 151, 1),
(1187, '2.1.jpg', 'image/jpeg', 'jpg', '', NULL, NULL, 'guest', NULL, NULL, '2019-07-22 19:16:24', '2019-07-22 19:16:24', 152, 1),
(1188, '2.4.jpg', 'image/jpeg', 'jpg', '', NULL, NULL, 'guest', NULL, NULL, '2019-07-22 19:16:24', '2019-07-22 19:16:24', 153, 1),
(1189, '2.5.jpg', 'image/jpeg', 'jpg', '', NULL, NULL, 'guest', NULL, NULL, '2019-07-22 19:16:24', '2019-07-22 19:16:24', 154, 1),
(1190, 'image 02 - immoweb.jpg', 'image/jpeg', 'jpg', '', NULL, NULL, 'guest', NULL, NULL, '2019-07-22 19:16:23', '2019-07-22 19:16:23', 94, 1),
(1191, 'image 03 - immoweb.jpg', 'image/jpeg', 'jpg', '', NULL, NULL, 'guest', NULL, NULL, '2019-07-22 19:16:23', '2019-07-22 19:16:23', 94, 1),
(1192, 'image 04 - immoweb.jpg', 'image/jpeg', 'jpg', '', NULL, NULL, 'guest', NULL, NULL, '2019-07-22 19:16:23', '2019-07-22 19:16:23', 94, 1),
(1193, 'image 05 - immoweb.jpg', 'image/jpeg', 'jpg', '', NULL, NULL, 'guest', NULL, NULL, '2019-07-22 19:16:23', '2019-07-22 19:16:23', 94, 1),
(1194, 'image 01_b.jpg', 'image/jpeg', 'jpg', '', NULL, NULL, 'guest', NULL, NULL, '2019-07-22 19:16:23', '2019-07-22 19:16:23', 94, 1),
(1197, 'image 01 - 720p.jpg', 'image/jpeg', 'jpg', '', NULL, NULL, 'guest', NULL, NULL, '2019-07-22 19:16:24', '2019-07-22 19:16:24', 147, 1),
(1198, 'dscn5449.jpg', 'image/jpeg', 'jpg', '', NULL, NULL, 'guest', NULL, NULL, '2019-07-22 19:16:23', '2019-07-22 19:16:23', 75, 1),
(1199, 'dscn5455.jpg', 'image/jpeg', 'jpg', '', NULL, NULL, 'guest', NULL, NULL, '2019-07-22 19:16:23', '2019-07-22 19:16:23', 75, 1),
(1200, 'dscn5456.jpg', 'image/jpeg', 'jpg', '', NULL, NULL, 'guest', NULL, NULL, '2019-07-22 19:16:23', '2019-07-22 19:16:23', 75, 1),
(1201, 'dscn5457.jpg', 'image/jpeg', 'jpg', '', NULL, NULL, 'guest', NULL, NULL, '2019-07-22 19:16:23', '2019-07-22 19:16:23', 75, 1),
(1202, 'dscn5458.jpg', 'image/jpeg', 'jpg', '', NULL, NULL, 'guest', NULL, NULL, '2019-07-22 19:16:23', '2019-07-22 19:16:23', 75, 1),
(1203, 'dscn5460.jpg', 'image/jpeg', 'jpg', '', NULL, NULL, 'guest', NULL, NULL, '2019-07-22 19:16:23', '2019-07-22 19:16:23', 75, 1),
(1204, 'dscn5461.jpg', 'image/jpeg', 'jpg', '', NULL, NULL, 'guest', NULL, NULL, '2019-07-22 19:16:23', '2019-07-22 19:16:23', 75, 1),
(1205, 'dscn5464.jpg', 'image/jpeg', 'jpg', '', NULL, NULL, 'guest', NULL, NULL, '2019-07-22 19:16:23', '2019-07-22 19:16:23', 75, 1),
(1206, 'dscn5333.jpg', 'image/jpeg', 'jpg', '', NULL, NULL, 'guest', NULL, NULL, '2019-07-22 19:16:23', '2019-07-22 19:16:23', 78, 1),
(1207, 'dscn5338.jpg', 'image/jpeg', 'jpg', '', NULL, NULL, 'guest', NULL, NULL, '2019-07-22 19:16:23', '2019-07-22 19:16:23', 78, 1),
(1208, 'dscn5339.jpg', 'image/jpeg', 'jpg', '', NULL, NULL, 'guest', NULL, NULL, '2019-07-22 19:16:23', '2019-07-22 19:16:23', 78, 1),
(1209, 'dscn5342.jpg', 'image/jpeg', 'jpg', '', NULL, NULL, 'guest', NULL, NULL, '2019-07-22 19:16:23', '2019-07-22 19:16:23', 78, 1),
(1210, 'dscn5345 - copie.jpg', 'image/jpeg', 'jpg', '', NULL, NULL, 'guest', NULL, NULL, '2019-07-22 19:16:23', '2019-07-22 19:16:23', 78, 1),
(1211, 'dscn5346.jpg', 'image/jpeg', 'jpg', '', NULL, NULL, 'guest', NULL, NULL, '2019-07-22 19:16:23', '2019-07-22 19:16:23', 78, 1),
(1212, 'dscn5349.jpg', 'image/jpeg', 'jpg', '', NULL, NULL, 'guest', NULL, NULL, '2019-07-22 19:16:23', '2019-07-22 19:16:23', 78, 1),
(1213, 'dscn5353.jpg', 'image/jpeg', 'jpg', '', NULL, NULL, 'guest', NULL, NULL, '2019-07-22 19:16:23', '2019-07-22 19:16:23', 78, 1),
(1214, 'dscn5354.jpg', 'image/jpeg', 'jpg', '', NULL, NULL, 'guest', NULL, NULL, '2019-07-22 19:16:23', '2019-07-22 19:16:23', 78, 1),
(1215, 'dscn5355.jpg', 'image/jpeg', 'jpg', '', NULL, NULL, 'guest', NULL, NULL, '2019-07-22 19:16:23', '2019-07-22 19:16:23', 78, 1),
(1216, 'dscn5688.jpg', 'image/jpeg', 'jpg', '', NULL, NULL, 'guest', NULL, NULL, '2019-07-22 19:16:23', '2019-07-22 19:16:23', 75, 1),
(1217, 'dscn5689.jpg', 'image/jpeg', 'jpg', '', NULL, NULL, 'guest', NULL, NULL, '2019-07-22 19:16:23', '2019-07-22 19:16:23', 75, 1),
(1218, 'dscn5690.jpg', 'image/jpeg', 'jpg', '', NULL, NULL, 'guest', NULL, NULL, '2019-07-22 19:16:23', '2019-07-22 19:16:23', 75, 1),
(1219, 'dscn5691.jpg', 'image/jpeg', 'jpg', '', NULL, NULL, 'guest', NULL, NULL, '2019-07-22 19:16:23', '2019-07-22 19:16:23', 75, 1),
(1220, 'dscn5692.jpg', 'image/jpeg', 'jpg', '', NULL, NULL, 'guest', NULL, NULL, '2019-07-22 19:16:23', '2019-07-22 19:16:23', 75, 1),
(1221, 'dscn5693.jpg', 'image/jpeg', 'jpg', '', NULL, NULL, 'guest', NULL, NULL, '2019-07-22 19:16:23', '2019-07-22 19:16:23', 75, 1),
(1223, 'dscn5789.jpg', 'image/jpeg', 'jpg', '', NULL, NULL, 'guest', NULL, NULL, '2019-07-22 19:16:23', '2019-07-22 19:16:23', 75, 1),
(1224, 'dscn5790.jpg', 'image/jpeg', 'jpg', '', NULL, NULL, 'guest', NULL, NULL, '2019-07-22 19:16:23', '2019-07-22 19:16:23', 75, 1),
(1225, 'dscn5791.jpg', 'image/jpeg', 'jpg', '', NULL, NULL, 'guest', NULL, NULL, '2019-07-22 19:16:23', '2019-07-22 19:16:23', 75, 1),
(1226, 'dscn5792.jpg', 'image/jpeg', 'jpg', '', NULL, NULL, 'guest', NULL, NULL, '2019-07-22 19:16:23', '2019-07-22 19:16:23', 75, 1),
(1227, '2.4.jpg', 'image/jpeg', 'jpg', '', NULL, NULL, 'guest', NULL, NULL, '2019-07-22 19:16:24', '2019-07-22 19:16:24', 153, 1),
(1228, 'dscn5788.jpg', 'image/jpeg', 'jpg', '', NULL, NULL, 'guest', NULL, NULL, '2019-07-22 19:16:23', '2019-07-22 19:16:23', 75, 1),
(1229, 'dscn5791.jpg', 'image/jpeg', 'jpg', '', NULL, NULL, 'guest', NULL, NULL, '2019-07-22 19:16:23', '2019-07-22 19:16:23', 75, 1),
(1230, 'dscn5951.jpg', 'image/jpeg', 'jpg', '', NULL, NULL, 'guest', NULL, NULL, '2019-07-22 19:16:23', '2019-07-22 19:16:23', 75, 1),
(1231, 'dscn5826.jpg', 'image/jpeg', 'jpg', '', NULL, NULL, 'guest', NULL, NULL, '2019-07-22 19:16:23', '2019-07-22 19:16:23', 77, 1),
(1232, 'dscn6026.jpg', 'image/jpeg', 'jpg', '', NULL, NULL, 'guest', NULL, NULL, '2019-07-22 19:16:23', '2019-07-22 19:16:23', 77, 1),
(1233, 'dscn6027.jpg', 'image/jpeg', 'jpg', '', NULL, NULL, 'guest', NULL, NULL, '2019-07-22 19:16:23', '2019-07-22 19:16:23', 77, 1),
(1234, 'dscn6028.jpg', 'image/jpeg', 'jpg', '', NULL, NULL, 'guest', NULL, NULL, '2019-07-22 19:16:23', '2019-07-22 19:16:23', 77, 1),
(1235, 'dscn6029.jpg', 'image/jpeg', 'jpg', '', NULL, NULL, 'guest', NULL, NULL, '2019-07-22 19:16:23', '2019-07-22 19:16:23', 77, 1),
(1236, 'l1080831.jpg', 'image/jpeg', 'jpg', '', NULL, NULL, 'guest', NULL, NULL, '2019-07-22 19:16:23', '2019-07-22 19:16:23', 78, 1),
(1237, 'l1080832.jpg', 'image/jpeg', 'jpg', '', NULL, NULL, 'guest', NULL, NULL, '2019-07-22 19:16:23', '2019-07-22 19:16:23', 77, 1),
(1238, 'l1080833.jpg', 'image/jpeg', 'jpg', '', NULL, NULL, 'guest', NULL, NULL, '2019-07-22 19:16:23', '2019-07-22 19:16:23', 77, 1),
(1239, 'l1080834.jpg', 'image/jpeg', 'jpg', '', NULL, NULL, 'guest', NULL, NULL, '2019-07-22 19:16:23', '2019-07-22 19:16:23', 77, 1),
(1240, 'l1080835.jpg', 'image/jpeg', 'jpg', '', NULL, NULL, 'guest', NULL, NULL, '2019-07-22 19:16:23', '2019-07-22 19:16:23', 77, 1),
(1241, 'l1080836.jpg', 'image/jpeg', 'jpg', '', NULL, NULL, 'guest', NULL, NULL, '2019-07-22 19:16:23', '2019-07-22 19:16:23', 77, 1),
(1242, 'l1080838.jpg', 'image/jpeg', 'jpg', '', NULL, NULL, 'guest', NULL, NULL, '2019-07-22 19:16:23', '2019-07-22 19:16:23', 77, 1),
(1243, 'l1080840.jpg', 'image/jpeg', 'jpg', '', NULL, NULL, 'guest', NULL, NULL, '2019-07-22 19:16:23', '2019-07-22 19:16:23', 77, 1),
(1244, 'l1080841.jpg', 'image/jpeg', 'jpg', '', NULL, NULL, 'guest', NULL, NULL, '2019-07-22 19:16:23', '2019-07-22 19:16:23', 77, 1),
(1245, 'l1080842.jpg', 'image/jpeg', 'jpg', '', NULL, NULL, 'guest', NULL, NULL, '2019-07-22 19:16:23', '2019-07-22 19:16:23', 77, 1),
(1246, 'dscn6687.jpg', 'image/jpeg', 'jpg', '', NULL, NULL, 'guest', NULL, NULL, '2019-07-22 19:16:23', '2019-07-22 19:16:23', 75, 1),
(1247, 'dscn6695.jpg', 'image/jpeg', 'jpg', '', NULL, NULL, 'guest', NULL, NULL, '2019-07-22 19:16:23', '2019-07-22 19:16:23', 75, 1),
(1248, 'dscn6696.jpg', 'image/jpeg', 'jpg', '', NULL, NULL, 'guest', NULL, NULL, '2019-07-22 19:16:23', '2019-07-22 19:16:23', 75, 1),
(1249, 'dscn6702.jpg', 'image/jpeg', 'jpg', '', NULL, NULL, 'guest', NULL, NULL, '2019-07-22 19:16:23', '2019-07-22 19:16:23', 75, 1),
(1250, 'dscn6404.jpg', 'image/jpeg', 'jpg', '', NULL, NULL, 'guest', NULL, NULL, '2019-07-22 19:16:23', '2019-07-22 19:16:23', 75, 1),
(1251, 'dscn6407.jpg', 'image/jpeg', 'jpg', '', NULL, NULL, 'guest', NULL, NULL, '2019-07-22 19:16:23', '2019-07-22 19:16:23', 75, 1),
(1252, 'dscn6630.jpg', 'image/jpeg', 'jpg', '', NULL, NULL, 'guest', NULL, NULL, '2019-07-22 19:16:23', '2019-07-22 19:16:23', 75, 1),
(1253, 'dscn6633.jpg', 'image/jpeg', 'jpg', '', NULL, NULL, 'guest', NULL, NULL, '2019-07-22 19:16:23', '2019-07-22 19:16:23', 75, 1),
(1254, 'dscn6639.jpg', 'image/jpeg', 'jpg', '', NULL, NULL, 'guest', NULL, NULL, '2019-07-22 19:16:23', '2019-07-22 19:16:23', 75, 1),
(1255, 'dscn6643.jpg', 'image/jpeg', 'jpg', '', NULL, NULL, 'guest', NULL, NULL, '2019-07-22 19:16:23', '2019-07-22 19:16:23', 75, 1),
(1256, 'dscn6646.jpg', 'image/jpeg', 'jpg', '', NULL, NULL, 'guest', NULL, NULL, '2019-07-22 19:16:23', '2019-07-22 19:16:23', 75, 1),
(1257, '20150330_155331.jpg', 'image/jpeg', 'jpg', '', NULL, NULL, 'guest', NULL, NULL, '2019-07-22 19:16:23', '2019-07-22 19:16:23', 77, 1),
(1258, '20150330_155558.jpg', 'image/jpeg', 'jpg', '', NULL, NULL, 'guest', NULL, NULL, '2019-07-22 19:16:23', '2019-07-22 19:16:23', 77, 1),
(1259, '20150402_161633.jpg', 'image/jpeg', 'jpg', '', NULL, NULL, 'guest', NULL, NULL, '2019-07-22 19:16:23', '2019-07-22 19:16:23', 77, 1),
(1260, '20150402_161703.jpg', 'image/jpeg', 'jpg', '', NULL, NULL, 'guest', NULL, NULL, '2019-07-22 19:16:23', '2019-07-22 19:16:23', 77, 1),
(1261, '20150402_161708.jpg', 'image/jpeg', 'jpg', '', NULL, NULL, 'guest', NULL, NULL, '2019-07-22 19:16:23', '2019-07-22 19:16:23', 77, 1),
(1262, 'dscn6480.jpg', 'image/jpeg', 'jpg', '', NULL, NULL, 'guest', NULL, NULL, '2019-07-22 19:16:23', '2019-07-22 19:16:23', 77, 1),
(1263, 'dscn6481.jpg', 'image/jpeg', 'jpg', '', NULL, NULL, 'guest', NULL, NULL, '2019-07-22 19:16:23', '2019-07-22 19:16:23', 77, 1),
(1264, 'dscn6485.jpg', 'image/jpeg', 'jpg', '', NULL, NULL, 'guest', NULL, NULL, '2019-07-22 19:16:23', '2019-07-22 19:16:23', 77, 1),
(1265, 'dscn6609.jpg', 'image/jpeg', 'jpg', '', NULL, NULL, 'guest', NULL, NULL, '2019-07-22 19:16:23', '2019-07-22 19:16:23', 77, 1),
(1266, 'dscn6612.jpg', 'image/jpeg', 'jpg', '', NULL, NULL, 'guest', NULL, NULL, '2019-07-22 19:16:23', '2019-07-22 19:16:23', 77, 1),
(1267, 'dscn6614.jpg', 'image/jpeg', 'jpg', '', NULL, NULL, 'guest', NULL, NULL, '2019-07-22 19:16:23', '2019-07-22 19:16:23', 77, 1),
(1268, 'dscn6616.jpg', 'image/jpeg', 'jpg', '', NULL, NULL, 'guest', NULL, NULL, '2019-07-22 19:16:23', '2019-07-22 19:16:23', 77, 1),
(1269, 'dscn6617.jpg', 'image/jpeg', 'jpg', '', NULL, NULL, 'guest', NULL, NULL, '2019-07-22 19:16:23', '2019-07-22 19:16:23', 77, 1),
(1270, 'dscn6850.jpg', 'image/jpeg', 'jpg', '', NULL, NULL, 'guest', NULL, NULL, '2019-07-22 19:16:23', '2019-07-22 19:16:23', 77, 1),
(1271, 'dscn6852.jpg', 'image/jpeg', 'jpg', '', NULL, NULL, 'guest', NULL, NULL, '2019-07-22 19:16:23', '2019-07-22 19:16:23', 77, 1),
(1272, 'dscn6854.jpg', 'image/jpeg', 'jpg', '', NULL, NULL, 'guest', NULL, NULL, '2019-07-22 19:16:23', '2019-07-22 19:16:23', 77, 1),
(1273, '20150330_155331.jpg', 'image/jpeg', 'jpg', '', NULL, NULL, 'guest', NULL, NULL, '2019-07-22 19:16:23', '2019-07-22 19:16:23', 77, 1),
(1274, '20150330_155604.jpg', 'image/jpeg', 'jpg', '', NULL, NULL, 'guest', NULL, NULL, '2019-07-22 19:16:23', '2019-07-22 19:16:23', 77, 1),
(1275, 'dscn6856.jpg', 'image/jpeg', 'jpg', '', NULL, NULL, 'guest', NULL, NULL, '2019-07-22 19:16:23', '2019-07-22 19:16:23', 77, 1),
(1276, 'dscn6858.jpg', 'image/jpeg', 'jpg', '', NULL, NULL, 'guest', NULL, NULL, '2019-07-22 19:16:23', '2019-07-22 19:16:23', 77, 1),
(1277, 'dscn6859.jpg', 'image/jpeg', 'jpg', '', NULL, NULL, 'guest', NULL, NULL, '2019-07-22 19:16:23', '2019-07-22 19:16:23', 77, 1),
(1278, 'dscn6983.jpg', 'image/jpeg', 'jpg', '', NULL, NULL, 'guest', NULL, NULL, '2019-07-22 19:16:23', '2019-07-22 19:16:23', 75, 1),
(1279, 'dscn6984.jpg', 'image/jpeg', 'jpg', '', NULL, NULL, 'guest', NULL, NULL, '2019-07-22 19:16:23', '2019-07-22 19:16:23', 75, 1),
(1280, 'dscn6990.jpg', 'image/jpeg', 'jpg', '', NULL, NULL, 'guest', NULL, NULL, '2019-07-22 19:16:23', '2019-07-22 19:16:23', 75, 1),
(1281, 'dscn7045.jpg', 'image/jpeg', 'jpg', '', NULL, NULL, 'guest', NULL, NULL, '2019-07-22 19:16:23', '2019-07-22 19:16:23', 75, 1),
(1282, 'dscn7049.jpg', 'image/jpeg', 'jpg', '', NULL, NULL, 'guest', NULL, NULL, '2019-07-22 19:16:23', '2019-07-22 19:16:23', 75, 1),
(1283, 'dscn7050.jpg', 'image/jpeg', 'jpg', '', NULL, NULL, 'guest', NULL, NULL, '2019-07-22 19:16:23', '2019-07-22 19:16:23', 75, 1),
(1284, 'dscn7051.jpg', 'image/jpeg', 'jpg', '', NULL, NULL, 'guest', NULL, NULL, '2019-07-22 19:16:23', '2019-07-22 19:16:23', 75, 1),
(1285, '2.3.jpg', 'image/jpeg', 'jpg', '', NULL, NULL, 'guest', NULL, NULL, '2019-07-22 19:16:24', '2019-07-22 19:16:24', 152, 1),
(1286, 'dscn8487.jpg', 'image/jpeg', 'jpg', '', NULL, NULL, 'guest', NULL, NULL, '2019-07-22 19:16:23', '2019-07-22 19:16:23', 77, 1),
(1287, 'dscn8489.jpg', 'image/jpeg', 'jpg', '', NULL, NULL, 'guest', NULL, NULL, '2019-07-22 19:16:23', '2019-07-22 19:16:23', 77, 1),
(1288, 'dscn8009.jpg', 'image/jpeg', 'jpg', '', NULL, NULL, 'guest', NULL, NULL, '2019-07-22 19:16:23', '2019-07-22 19:16:23', 77, 1),
(1289, 'dscn8506.jpg', 'image/jpeg', 'jpg', '', NULL, NULL, 'guest', NULL, NULL, '2019-07-22 19:16:23', '2019-07-22 19:16:23', 75, 1),
(1290, 'dscn8507.jpg', 'image/jpeg', 'jpg', '', NULL, NULL, 'guest', NULL, NULL, '2019-07-22 19:16:23', '2019-07-22 19:16:23', 75, 1),
(1291, 'dscn8508.jpg', 'image/jpeg', 'jpg', '', NULL, NULL, 'guest', NULL, NULL, '2019-07-22 19:16:23', '2019-07-22 19:16:23', 75, 1),
(1292, 'dscn8509.jpg', 'image/jpeg', 'jpg', '', NULL, NULL, 'guest', NULL, NULL, '2019-07-22 19:16:23', '2019-07-22 19:16:23', 75, 1),
(1293, 'img_2925.jpg', 'image/jpeg', 'jpg', '', NULL, NULL, 'guest', NULL, NULL, '2019-07-22 19:16:23', '2019-07-22 19:16:23', 75, 1),
(1294, 'dscn9271.jpg', 'image/jpeg', 'jpg', '', NULL, NULL, 'guest', NULL, NULL, '2019-07-22 19:16:23', '2019-07-22 19:16:23', 75, 1),
(1295, 'dscn9299.jpg', 'image/jpeg', 'jpg', '', NULL, NULL, 'guest', NULL, NULL, '2019-07-22 19:16:23', '2019-07-22 19:16:23', 75, 1),
(1296, 'dscn9272.jpg', 'image/jpeg', 'jpg', '', NULL, NULL, 'guest', NULL, NULL, '2019-07-22 19:16:23', '2019-07-22 19:16:23', 75, 1),
(1297, 'dscn9300.jpg', 'image/jpeg', 'jpg', '', NULL, NULL, 'guest', NULL, NULL, '2019-07-22 19:16:23', '2019-07-22 19:16:23', 75, 1),
(1298, 'dscn9304.jpg', 'image/jpeg', 'jpg', '', NULL, NULL, 'guest', NULL, NULL, '2019-07-22 19:16:23', '2019-07-22 19:16:23', 75, 1),
(1299, 'p1020214.jpg', 'image/jpeg', 'jpg', '', NULL, NULL, 'guest', NULL, NULL, '2019-07-22 19:16:23', '2019-07-22 19:16:23', 75, 1),
(1300, 'dscn9267.jpg', 'image/jpeg', 'jpg', '', NULL, NULL, 'guest', NULL, NULL, '2019-07-22 19:16:23', '2019-07-22 19:16:23', 75, 1),
(1301, 'dscn9296.jpg', 'image/jpeg', 'jpg', '', NULL, NULL, 'guest', NULL, NULL, '2019-07-22 19:16:23', '2019-07-22 19:16:23', 75, 1),
(1302, 'p1020216 - copie.jpg', 'image/jpeg', 'jpg', '', NULL, NULL, 'guest', NULL, NULL, '2019-07-22 19:16:23', '2019-07-22 19:16:23', 75, 1),
(1303, 'dscn9297.jpg', 'image/jpeg', 'jpg', '', NULL, NULL, 'guest', NULL, NULL, '2019-07-22 19:16:23', '2019-07-22 19:16:23', 75, 1),
(1304, 'dscn9302 - copie.jpg', 'image/jpeg', 'jpg', '', NULL, NULL, 'guest', NULL, NULL, '2019-07-22 19:16:23', '2019-07-22 19:16:23', 75, 1),
(1305, 'dscn9298.jpg', 'image/jpeg', 'jpg', '', NULL, NULL, 'guest', NULL, NULL, '2019-07-22 19:16:23', '2019-07-22 19:16:23', 75, 1),
(1306, 'dscn9223.jpg', 'image/jpeg', 'jpg', '', NULL, NULL, 'guest', NULL, NULL, '2019-07-22 19:16:23', '2019-07-22 19:16:23', 77, 1),
(1307, 'dscn9224.jpg', 'image/jpeg', 'jpg', '', NULL, NULL, 'guest', NULL, NULL, '2019-07-22 19:16:23', '2019-07-22 19:16:23', 77, 1),
(1308, 'dscn9228.jpg', 'image/jpeg', 'jpg', '', NULL, NULL, 'guest', NULL, NULL, '2019-07-22 19:16:23', '2019-07-22 19:16:23', 77, 1),
(1309, 'dscn9229.jpg', 'image/jpeg', 'jpg', '', NULL, NULL, 'guest', NULL, NULL, '2019-07-22 19:16:23', '2019-07-22 19:16:23', 77, 1),
(1310, 'dscn9231.jpg', 'image/jpeg', 'jpg', '', NULL, NULL, 'guest', NULL, NULL, '2019-07-22 19:16:23', '2019-07-22 19:16:23', 77, 1);
INSERT INTO `libraries` (`id`, `library_media_name`, `library_media_type`, `library_media_extension`, `library_media_param`, `library_media_order`, `library_media_size`, `library_media_resource`, `library_media_url`, `library_media_hash`, `createdAt`, `updatedAt`, `LibrarycategoryId`, `UserId`) VALUES
(1311, 'dscn9234.jpg', 'image/jpeg', 'jpg', '', NULL, NULL, 'guest', NULL, NULL, '2019-07-22 19:16:23', '2019-07-22 19:16:23', 77, 1),
(1312, 'dscn9235.jpg', 'image/jpeg', 'jpg', '', NULL, NULL, 'guest', NULL, NULL, '2019-07-22 19:16:23', '2019-07-22 19:16:23', 77, 1),
(1313, 'dscn9236.jpg', 'image/jpeg', 'jpg', '', NULL, NULL, 'guest', NULL, NULL, '2019-07-22 19:16:23', '2019-07-22 19:16:23', 77, 1),
(1314, 'dscn9238.jpg', 'image/jpeg', 'jpg', '', NULL, NULL, 'guest', NULL, NULL, '2019-07-22 19:16:23', '2019-07-22 19:16:23', 77, 1),
(1315, 'dscn9239.jpg', 'image/jpeg', 'jpg', '', NULL, NULL, 'guest', NULL, NULL, '2019-07-22 19:16:23', '2019-07-22 19:16:23', 77, 1),
(1316, 'ltts9650_2048.jpg', 'image/jpeg', 'jpg', '', NULL, NULL, 'guest', NULL, NULL, '2019-07-22 19:16:22', '2019-07-22 19:16:22', 68, 1),
(1317, 'ltts9652_2048.jpg', 'image/jpeg', 'jpg', '', NULL, NULL, 'guest', NULL, NULL, '2019-07-22 19:16:22', '2019-07-22 19:16:22', 68, 1),
(1318, 'ltts9653_2048.jpg', 'image/jpeg', 'jpg', '', NULL, NULL, 'guest', NULL, NULL, '2019-07-22 19:16:22', '2019-07-22 19:16:22', 89, 1),
(1319, 'ltts9655_2048.jpg', 'image/jpeg', 'jpg', '', NULL, NULL, 'guest', NULL, NULL, '2019-07-22 19:16:22', '2019-07-22 19:16:22', 68, 1),
(1320, 'ltts9657_2048.jpg', 'image/jpeg', 'jpg', '', NULL, NULL, 'guest', NULL, NULL, '2019-07-22 19:16:22', '2019-07-22 19:16:22', 68, 1),
(1321, 'ltts9659_2048.jpg', 'image/jpeg', 'jpg', '', NULL, NULL, 'guest', NULL, NULL, '2019-07-22 19:16:22', '2019-07-22 19:16:22', 68, 1),
(1322, 'ltts9660_2048.jpg', 'image/jpeg', 'jpg', '', NULL, NULL, 'guest', NULL, NULL, '2019-07-22 19:16:22', '2019-07-22 19:16:22', 68, 1),
(1323, 'ltts9662_2048.jpg', 'image/jpeg', 'jpg', '', NULL, NULL, 'guest', NULL, NULL, '2019-07-22 19:16:22', '2019-07-22 19:16:22', 68, 1),
(1324, 'ltts9663_2048.jpg', 'image/jpeg', 'jpg', '', NULL, NULL, 'guest', NULL, NULL, '2019-07-22 19:16:22', '2019-07-22 19:16:22', 68, 1),
(1325, 'ltts9665_2048.jpg', 'image/jpeg', 'jpg', '', NULL, NULL, 'guest', NULL, NULL, '2019-07-22 19:16:22', '2019-07-22 19:16:22', 68, 1),
(1326, 'ltts9666_2048.jpg', 'image/jpeg', 'jpg', '', NULL, NULL, 'guest', NULL, NULL, '2019-07-22 19:16:22', '2019-07-22 19:16:22', 68, 1),
(1332, 'dscn9361.jpg', 'image/jpeg', 'jpg', '', NULL, NULL, 'guest', NULL, NULL, '2019-07-22 19:16:23', '2019-07-22 19:16:23', 77, 1),
(1333, 'dscn9363.jpg', 'image/jpeg', 'jpg', '', NULL, NULL, 'guest', NULL, NULL, '2019-07-22 19:16:23', '2019-07-22 19:16:23', 77, 1),
(1334, 'dscn9364.jpg', 'image/jpeg', 'jpg', '', NULL, NULL, 'guest', NULL, NULL, '2019-07-22 19:16:23', '2019-07-22 19:16:23', 77, 1),
(1335, 'dscn9365.jpg', 'image/jpeg', 'jpg', '', NULL, NULL, 'guest', NULL, NULL, '2019-07-22 19:16:23', '2019-07-22 19:16:23', 77, 1),
(1336, 'dscn9372.jpg', 'image/jpeg', 'jpg', '', NULL, NULL, 'guest', NULL, NULL, '2019-07-22 19:16:23', '2019-07-22 19:16:23', 77, 1),
(1337, 'dscn9377.jpg', 'image/jpeg', 'jpg', '', NULL, NULL, 'guest', NULL, NULL, '2019-07-22 19:16:23', '2019-07-22 19:16:23', 77, 1),
(1338, 'dscn9379.jpg', 'image/jpeg', 'jpg', '', NULL, NULL, 'guest', NULL, NULL, '2019-07-22 19:16:23', '2019-07-22 19:16:23', 77, 1),
(1340, 'dscn9576.jpg', 'image/jpeg', 'jpg', '', NULL, NULL, 'guest', NULL, NULL, '2019-07-22 19:16:23', '2019-07-22 19:16:23', 77, 1),
(1341, 'dscn9585.jpg', 'image/jpeg', 'jpg', '', NULL, NULL, 'guest', NULL, NULL, '2019-07-22 19:16:23', '2019-07-22 19:16:23', 77, 1),
(1342, 'dscn9869.jpg', 'image/jpeg', 'jpg', '', NULL, NULL, 'guest', NULL, NULL, '2019-07-22 19:16:23', '2019-07-22 19:16:23', 77, 1),
(1343, 'dscn9871.jpg', 'image/jpeg', 'jpg', '', NULL, NULL, 'guest', NULL, NULL, '2019-07-22 19:16:23', '2019-07-22 19:16:23', 77, 1),
(1344, 'dscn9873.jpg', 'image/jpeg', 'jpg', '', NULL, NULL, 'guest', NULL, NULL, '2019-07-22 19:16:23', '2019-07-22 19:16:23', 77, 1),
(1345, 'dscn9877.jpg', 'image/jpeg', 'jpg', '', NULL, NULL, 'guest', NULL, NULL, '2019-07-22 19:16:23', '2019-07-22 19:16:23', 77, 1),
(1346, 'img_0044.jpg', 'image/jpeg', 'jpg', '', NULL, NULL, 'guest', NULL, NULL, '2019-07-22 19:16:23', '2019-07-22 19:16:23', 77, 1),
(1347, 'img_0049.jpg', 'image/jpeg', 'jpg', '', NULL, NULL, 'guest', NULL, NULL, '2019-07-22 19:16:23', '2019-07-22 19:16:23', 77, 1),
(1349, 'img_0051.jpg', 'image/jpeg', 'jpg', '', NULL, NULL, 'guest', NULL, NULL, '2019-07-22 19:16:23', '2019-07-22 19:16:23', 77, 1),
(1352, 'img_0049.jpg', 'image/jpeg', 'jpg', '', NULL, NULL, 'guest', NULL, NULL, '2019-07-22 19:16:23', '2019-07-22 19:16:23', 77, 1),
(1353, 'img_0050.jpg', 'image/jpeg', 'jpg', '', NULL, NULL, 'guest', NULL, NULL, '2019-07-22 19:16:23', '2019-07-22 19:16:23', 77, 1),
(1354, 'img_0054.jpg', 'image/jpeg', 'jpg', '', NULL, NULL, 'guest', NULL, NULL, '2019-07-22 19:16:23', '2019-07-22 19:16:23', 77, 1),
(1355, 'img_0055.jpg', 'image/jpeg', 'jpg', '', NULL, NULL, 'guest', NULL, NULL, '2019-07-22 19:16:23', '2019-07-22 19:16:23', 77, 1),
(1356, 'img_0056.jpg', 'image/jpeg', 'jpg', '', NULL, NULL, 'guest', NULL, NULL, '2019-07-22 19:16:23', '2019-07-22 19:16:23', 77, 1),
(1357, 'dscn9474.jpg', 'image/jpeg', 'jpg', '', NULL, NULL, 'guest', NULL, NULL, '2019-07-22 19:16:23', '2019-07-22 19:16:23', 75, 1),
(1358, 'dscn9496.jpg', 'image/jpeg', 'jpg', '', NULL, NULL, 'guest', NULL, NULL, '2019-07-22 19:16:23', '2019-07-22 19:16:23', 75, 1),
(1359, 'dscn9215.jpg', 'image/jpeg', 'jpg', '', NULL, NULL, 'guest', NULL, NULL, '2019-07-22 19:16:23', '2019-07-22 19:16:23', 75, 1),
(1360, 'dscn9439.jpg', 'image/jpeg', 'jpg', '', NULL, NULL, 'guest', NULL, NULL, '2019-07-22 19:16:23', '2019-07-22 19:16:23', 75, 1),
(1361, 'dscn9441.jpg', 'image/jpeg', 'jpg', '', NULL, NULL, 'guest', NULL, NULL, '2019-07-22 19:16:23', '2019-07-22 19:16:23', 75, 1),
(1362, 'dscn9445.jpg', 'image/jpeg', 'jpg', '', NULL, NULL, 'guest', NULL, NULL, '2019-07-22 19:16:23', '2019-07-22 19:16:23', 75, 1),
(1363, 'dscn9479.jpg', 'image/jpeg', 'jpg', '', NULL, NULL, 'guest', NULL, NULL, '2019-07-22 19:16:23', '2019-07-22 19:16:23', 75, 1),
(1364, 'dscn9480.jpg', 'image/jpeg', 'jpg', '', NULL, NULL, 'guest', NULL, NULL, '2019-07-22 19:16:23', '2019-07-22 19:16:23', 75, 1),
(1365, 'img_0801.jpg', 'image/jpeg', 'jpg', '', NULL, NULL, 'guest', NULL, NULL, '2019-07-22 19:16:23', '2019-07-22 19:16:23', 77, 1),
(1366, 'img_0817.jpg', 'image/jpeg', 'jpg', '', NULL, NULL, 'guest', NULL, NULL, '2019-07-22 19:16:23', '2019-07-22 19:16:23', 77, 1),
(1367, 'img_0823.jpg', 'image/jpeg', 'jpg', '', NULL, NULL, 'guest', NULL, NULL, '2019-07-22 19:16:23', '2019-07-22 19:16:23', 77, 1),
(1368, 'img_0802.jpg', 'image/jpeg', 'jpg', '', NULL, NULL, 'guest', NULL, NULL, '2019-07-22 19:16:23', '2019-07-22 19:16:23', 77, 1),
(1369, 'img_0818.jpg', 'image/jpeg', 'jpg', '', NULL, NULL, 'guest', NULL, NULL, '2019-07-22 19:16:23', '2019-07-22 19:16:23', 77, 1),
(1370, 'img_0824.jpg', 'image/jpeg', 'jpg', '', NULL, NULL, 'guest', NULL, NULL, '2019-07-22 19:16:23', '2019-07-22 19:16:23', 77, 1),
(1371, 'img_0803.jpg', 'image/jpeg', 'jpg', '', NULL, NULL, 'guest', NULL, NULL, '2019-07-22 19:16:23', '2019-07-22 19:16:23', 77, 1),
(1372, 'img_0819.jpg', 'image/jpeg', 'jpg', '', NULL, NULL, 'guest', NULL, NULL, '2019-07-22 19:16:23', '2019-07-22 19:16:23', 77, 1),
(1373, 'img_0825.jpg', 'image/jpeg', 'jpg', '', NULL, NULL, 'guest', NULL, NULL, '2019-07-22 19:16:23', '2019-07-22 19:16:23', 77, 1),
(1374, 'img_0789.jpg', 'image/jpeg', 'jpg', '', NULL, NULL, 'guest', NULL, NULL, '2019-07-22 19:16:23', '2019-07-22 19:16:23', 77, 1),
(1376, 'img_0820.jpg', 'image/jpeg', 'jpg', '', NULL, NULL, 'guest', NULL, NULL, '2019-07-22 19:16:23', '2019-07-22 19:16:23', 77, 1),
(1377, 'img_0836.jpg', 'image/jpeg', 'jpg', '', NULL, NULL, 'guest', NULL, NULL, '2019-07-22 19:16:23', '2019-07-22 19:16:23', 77, 1),
(1378, 'img_0793.jpg', 'image/jpeg', 'jpg', '', NULL, NULL, 'guest', NULL, NULL, '2019-07-22 19:16:23', '2019-07-22 19:16:23', 77, 1),
(1379, 'img_0805.jpg', 'image/jpeg', 'jpg', '', NULL, NULL, 'guest', NULL, NULL, '2019-07-22 19:16:23', '2019-07-22 19:16:23', 77, 1),
(1380, 'img_0821.jpg', 'image/jpeg', 'jpg', '', NULL, NULL, 'guest', NULL, NULL, '2019-07-22 19:16:23', '2019-07-22 19:16:23', 77, 1),
(1381, 'img_0794.jpg', 'image/jpeg', 'jpg', '', NULL, NULL, 'guest', NULL, NULL, '2019-07-22 19:16:23', '2019-07-22 19:16:23', 77, 1),
(1382, 'img_0806.jpg', 'image/jpeg', 'jpg', '', NULL, NULL, 'guest', NULL, NULL, '2019-07-22 19:16:23', '2019-07-22 19:16:23', 77, 1),
(1383, 'img_0822.jpg', 'image/jpeg', 'jpg', '', NULL, NULL, 'guest', NULL, NULL, '2019-07-22 19:16:23', '2019-07-22 19:16:23', 77, 1),
(1384, 'img_0741.jpg', 'image/jpeg', 'jpg', '', NULL, NULL, 'guest', NULL, NULL, '2019-07-22 19:16:23', '2019-07-22 19:16:23', 75, 1),
(1385, 'img_0742.jpg', 'image/jpeg', 'jpg', '', NULL, NULL, 'guest', NULL, NULL, '2019-07-22 19:16:23', '2019-07-22 19:16:23', 75, 1),
(1386, 'img_0743.jpg', 'image/jpeg', 'jpg', '', NULL, NULL, 'guest', NULL, NULL, '2019-07-22 19:16:23', '2019-07-22 19:16:23', 75, 1),
(1387, 'img_0744.jpg', 'image/jpeg', 'jpg', '', NULL, NULL, 'guest', NULL, NULL, '2019-07-22 19:16:23', '2019-07-22 19:16:23', 75, 1),
(1388, 'img_0745.jpg', 'image/jpeg', 'jpg', '', NULL, NULL, 'guest', NULL, NULL, '2019-07-22 19:16:23', '2019-07-22 19:16:23', 75, 1),
(1389, 'img_0746.jpg', 'image/jpeg', 'jpg', '', NULL, NULL, 'guest', NULL, NULL, '2019-07-22 19:16:23', '2019-07-22 19:16:23', 75, 1),
(1390, 'img_0747.jpg', 'image/jpeg', 'jpg', '', NULL, NULL, 'guest', NULL, NULL, '2019-07-22 19:16:23', '2019-07-22 19:16:23', 75, 1),
(1391, 'img_0748.jpg', 'image/jpeg', 'jpg', '', NULL, NULL, 'guest', NULL, NULL, '2019-07-22 19:16:23', '2019-07-22 19:16:23', 75, 1),
(1393, 'img_0750.jpg', 'image/jpeg', 'jpg', '', NULL, NULL, 'guest', NULL, NULL, '2019-07-22 19:16:23', '2019-07-22 19:16:23', 75, 1),
(1394, 'img_0751.jpg', 'image/jpeg', 'jpg', '', NULL, NULL, 'guest', NULL, NULL, '2019-07-22 19:16:23', '2019-07-22 19:16:23', 75, 1),
(1395, 'img_0752.jpg', 'image/jpeg', 'jpg', '', NULL, NULL, 'guest', NULL, NULL, '2019-07-22 19:16:23', '2019-07-22 19:16:23', 75, 1),
(1396, 'img_0753.jpg', 'image/jpeg', 'jpg', '', NULL, NULL, 'guest', NULL, NULL, '2019-07-22 19:16:23', '2019-07-22 19:16:23', 75, 1),
(1399, 'lt2s1860_2048.jpg', 'image/jpeg', 'jpg', '', NULL, NULL, 'guest', NULL, NULL, '2019-07-22 19:16:23', '2019-07-22 19:16:23', 93, 1),
(1400, 'img_0793.jpg', 'image/jpeg', 'jpg', '', NULL, NULL, 'guest', NULL, NULL, '2019-07-22 19:16:23', '2019-07-22 19:16:23', 94, 1),
(1401, 'img_0807.jpg', 'image/jpeg', 'jpg', '', NULL, NULL, 'guest', NULL, NULL, '2019-07-22 19:16:23', '2019-07-22 19:16:23', 77, 1),
(1402, 'img_0808.jpg', 'image/jpeg', 'jpg', '', NULL, NULL, 'guest', NULL, NULL, '2019-07-22 19:16:23', '2019-07-22 19:16:23', 77, 1),
(1403, 'img_0809.jpg', 'image/jpeg', 'jpg', '', NULL, NULL, 'guest', NULL, NULL, '2019-07-22 19:16:23', '2019-07-22 19:16:23', 77, 1),
(1404, 'img_0810.jpg', 'image/jpeg', 'jpg', '', NULL, NULL, 'guest', NULL, NULL, '2019-07-22 19:16:23', '2019-07-22 19:16:23', 77, 1),
(1405, 'img_0811.jpg', 'image/jpeg', 'jpg', '', NULL, NULL, 'guest', NULL, NULL, '2019-07-22 19:16:23', '2019-07-22 19:16:23', 77, 1),
(1406, 'img_0812.jpg', 'image/jpeg', 'jpg', '', NULL, NULL, 'guest', NULL, NULL, '2019-07-22 19:16:23', '2019-07-22 19:16:23', 77, 1),
(1407, 'img_0813.jpg', 'image/jpeg', 'jpg', '', NULL, NULL, 'guest', NULL, NULL, '2019-07-22 19:16:23', '2019-07-22 19:16:23', 77, 1),
(1417, 'entente.jpg', 'image/jpeg', 'jpg', '', NULL, NULL, 'guest', NULL, NULL, '2019-07-22 19:16:24', '2019-07-22 19:16:24', 95, 1),
(1418, 'entente - pdv - r1.jpg', 'image/jpeg', 'jpg', '', NULL, NULL, 'guest', NULL, NULL, '2019-07-22 19:16:24', '2019-07-22 19:16:24', 155, 1),
(1420, 'entente - pdv - r2.jpg', 'image/jpeg', 'jpg', '', NULL, NULL, 'guest', NULL, NULL, '2019-07-22 19:16:24', '2019-07-22 19:16:24', 156, 1),
(1421, 'entente - pdv - r3.jpg', 'image/jpeg', 'jpg', '', NULL, NULL, 'guest', NULL, NULL, '2019-07-22 19:16:24', '2019-07-22 19:16:24', 157, 1),
(1423, 'entente - pdv - r4.jpg', 'image/jpeg', 'jpg', '', NULL, NULL, 'guest', NULL, NULL, '2019-07-22 19:16:24', '2019-07-22 19:16:24', 158, 1),
(1425, 'entente - pdv - r5.jpg', 'image/jpeg', 'jpg', '', NULL, NULL, 'guest', NULL, NULL, '2019-07-22 19:16:24', '2019-07-22 19:16:24', 159, 1),
(1426, 'entente - pdv - 1.1.jpg', 'image/jpeg', 'jpg', '', NULL, NULL, 'guest', NULL, NULL, '2019-07-22 19:16:24', '2019-07-22 19:16:24', 160, 1),
(1427, 'entente - pdv - 1.2.jpg', 'image/jpeg', 'jpg', '', NULL, NULL, 'guest', NULL, NULL, '2019-07-22 19:16:24', '2019-07-22 19:16:24', 161, 1),
(1428, 'entente - pdv - 1.3.jpg', 'image/jpeg', 'jpg', '', NULL, NULL, 'guest', NULL, NULL, '2019-07-22 19:16:24', '2019-07-22 19:16:24', 162, 1),
(1429, 'entente - pdv - 1.4 - copie.jpg', 'image/jpeg', 'jpg', '', NULL, NULL, 'guest', NULL, NULL, '2019-07-22 19:16:24', '2019-07-22 19:16:24', 163, 1),
(1430, 'entente - pdv - 1.4.jpg', 'image/jpeg', 'jpg', '', NULL, NULL, 'guest', NULL, NULL, '2019-07-22 19:16:24', '2019-07-22 19:16:24', 163, 1),
(1432, 'entente - pdv - 2.1.jpg', 'image/jpeg', 'jpg', '', NULL, NULL, 'guest', NULL, NULL, '2019-07-22 19:16:24', '2019-07-22 19:16:24', 165, 1),
(1433, 'entente - pdv - 2.2.jpg', 'image/jpeg', 'jpg', '', NULL, NULL, 'guest', NULL, NULL, '2019-07-22 19:16:24', '2019-07-22 19:16:24', 166, 1),
(1434, 'entente - pdv - 2.3.jpg', 'image/jpeg', 'jpg', '', NULL, NULL, 'guest', NULL, NULL, '2019-07-22 19:16:24', '2019-07-22 19:16:24', 167, 1),
(1435, 'entente - pdv - 2.4.jpg', 'image/jpeg', 'jpg', '', NULL, NULL, 'guest', NULL, NULL, '2019-07-22 19:16:25', '2019-07-22 19:16:25', 168, 1),
(1437, 'entente.jpg', 'image/jpeg', 'jpg', '', NULL, NULL, 'guest', NULL, NULL, '2019-07-22 19:16:24', '2019-07-22 19:16:24', 79, 1),
(1438, 'mxl-01.jpg', 'image/jpeg', 'jpg', '', NULL, NULL, 'guest', NULL, NULL, '2019-07-22 19:16:24', '2019-07-22 19:16:24', 79, 1),
(1439, 'mxl-02.jpg', 'image/jpeg', 'jpg', '', NULL, NULL, 'guest', NULL, NULL, '2019-07-22 19:16:24', '2019-07-22 19:16:24', 79, 1),
(1440, 'mxl-04.jpg', 'image/jpeg', 'jpg', '', NULL, NULL, 'guest', NULL, NULL, '2019-07-22 19:16:24', '2019-07-22 19:16:24', 79, 1),
(1441, 'mxl-05.jpg', 'image/jpeg', 'jpg', '', NULL, NULL, 'guest', NULL, NULL, '2019-07-22 19:16:24', '2019-07-22 19:16:24', 79, 1),
(1442, 'prod-01.jpg', 'image/jpeg', 'jpg', '', NULL, NULL, 'guest', NULL, NULL, '2019-07-22 19:16:24', '2019-07-22 19:16:24', 79, 1),
(1443, 'prod-02.jpg', 'image/jpeg', 'jpg', '', NULL, NULL, 'guest', NULL, NULL, '2019-07-22 19:16:24', '2019-07-22 19:16:24', 79, 1),
(1449, 'entente - copie.jpg', 'image/jpeg', 'jpg', '', NULL, NULL, 'guest', NULL, NULL, '2019-07-22 19:16:25', '2019-07-22 19:16:25', 169, 1),
(1452, 'lt4_5625_2048.jpg', 'image/jpeg', 'jpg', '', NULL, NULL, 'guest', NULL, NULL, '2019-07-22 19:16:23', '2019-07-22 19:16:23', 77, 1),
(1454, 'lt4_5626_2048.jpg', 'image/jpeg', 'jpg', '', NULL, NULL, 'guest', NULL, NULL, '2019-07-22 19:16:23', '2019-07-22 19:16:23', 77, 1),
(1455, 'lt4_5629_2048.jpg', 'image/jpeg', 'jpg', '', NULL, NULL, 'guest', NULL, NULL, '2019-07-22 19:16:23', '2019-07-22 19:16:23', 77, 1),
(1456, 'lt4_5633_2048.jpg', 'image/jpeg', 'jpg', '', NULL, NULL, 'guest', NULL, NULL, '2019-07-22 19:16:24', '2019-07-22 19:16:24', 77, 1),
(1457, 'lt4_5638_2048.jpg', 'image/jpeg', 'jpg', '', NULL, NULL, 'guest', NULL, NULL, '2019-07-22 19:16:24', '2019-07-22 19:16:24', 77, 1),
(1458, 'lt4_5640_2048.jpg', 'image/jpeg', 'jpg', '', NULL, NULL, 'guest', NULL, NULL, '2019-07-22 19:16:24', '2019-07-22 19:16:24', 77, 1),
(1459, 'lt4_5644_2048.jpg', 'image/jpeg', 'jpg', '', NULL, NULL, 'guest', NULL, NULL, '2019-07-22 19:16:24', '2019-07-22 19:16:24', 77, 1),
(1460, 'lt4_5648_2048.jpg', 'image/jpeg', 'jpg', '', NULL, NULL, 'guest', NULL, NULL, '2019-07-22 19:16:24', '2019-07-22 19:16:24', 77, 1),
(1461, 'lt4_5654_2048.jpg', 'image/jpeg', 'jpg', '', NULL, NULL, 'guest', NULL, NULL, '2019-07-22 19:16:24', '2019-07-22 19:16:24', 77, 1),
(1462, 'lt4_5656_essai.jpg', 'image/jpeg', 'jpg', '', NULL, NULL, 'guest', NULL, NULL, '2019-07-22 19:16:24', '2019-07-22 19:16:24', 77, 1),
(1463, 'shot-01-pt.jpg', 'image/jpeg', 'jpg', '', NULL, NULL, 'guest', NULL, NULL, '2019-07-22 19:16:24', '2019-07-22 19:16:24', 96, 1),
(1465, 'shot-01-pt.jpg', 'image/jpeg', 'jpg', '', NULL, NULL, 'guest', NULL, NULL, '2019-07-22 19:16:25', '2019-07-22 19:16:25', 170, 1),
(1477, 'terrain perniaux.jpg', 'image/jpeg', 'jpg', '', NULL, NULL, 'guest', NULL, NULL, '2019-07-22 19:16:24', '2019-07-22 19:16:24', 81, 1),
(1489, 'img_1167.jpg', 'image/jpeg', 'jpg', '', NULL, NULL, 'guest', NULL, NULL, '2019-07-22 19:16:24', '2019-07-22 19:16:24', 82, 1),
(1491, 'img_1169.jpg', 'image/jpeg', 'jpg', '', NULL, NULL, 'guest', NULL, NULL, '2019-07-22 19:16:24', '2019-07-22 19:16:24', 82, 1),
(1494, 'img_1173.jpg', 'image/jpeg', 'jpg', '', NULL, NULL, 'guest', NULL, NULL, '2019-07-22 19:16:24', '2019-07-22 19:16:24', 82, 1),
(1495, 'img_1176.jpg', 'image/jpeg', 'jpg', '', NULL, NULL, 'guest', NULL, NULL, '2019-07-22 19:16:24', '2019-07-22 19:16:24', 82, 1),
(1496, 'img_1177.jpg', 'image/jpeg', 'jpg', '', NULL, NULL, 'guest', NULL, NULL, '2019-07-22 19:16:24', '2019-07-22 19:16:24', 82, 1),
(1497, 'img_1178.jpg', 'image/jpeg', 'jpg', '', NULL, NULL, 'guest', NULL, NULL, '2019-07-22 19:16:24', '2019-07-22 19:16:24', 82, 1),
(1498, 'img_1179.jpg', 'image/jpeg', 'jpg', '', NULL, NULL, 'guest', NULL, NULL, '2019-07-22 19:16:24', '2019-07-22 19:16:24', 82, 1),
(1499, 'img_1185.jpg', 'image/jpeg', 'jpg', '', NULL, NULL, 'guest', NULL, NULL, '2019-07-22 19:16:24', '2019-07-22 19:16:24', 82, 1),
(1500, 'img_1186.jpg', 'image/jpeg', 'jpg', '', NULL, NULL, 'guest', NULL, NULL, '2019-07-22 19:16:24', '2019-07-22 19:16:24', 82, 1),
(1501, 'img_1187.jpg', 'image/jpeg', 'jpg', '', NULL, NULL, 'guest', NULL, NULL, '2019-07-22 19:16:24', '2019-07-22 19:16:24', 82, 1),
(1502, 'img_1188.jpg', 'image/jpeg', 'jpg', '', NULL, NULL, 'guest', NULL, NULL, '2019-07-22 19:16:24', '2019-07-22 19:16:24', 82, 1),
(1503, 'img_1241.jpg', 'image/jpeg', 'jpg', '', NULL, NULL, 'guest', NULL, NULL, '2019-07-22 19:16:24', '2019-07-22 19:16:24', 82, 1),
(1504, 'img_1242.jpg', 'image/jpeg', 'jpg', '', NULL, NULL, 'guest', NULL, NULL, '2019-07-22 19:16:24', '2019-07-22 19:16:24', 95, 1),
(1506, 'img_1244.jpg', 'image/jpeg', 'jpg', '', NULL, NULL, 'guest', NULL, NULL, '2019-07-22 19:16:24', '2019-07-22 19:16:24', 82, 1),
(1508, 'img_1240.jpg', 'image/jpeg', 'jpg', '', NULL, NULL, 'guest', NULL, NULL, '2019-07-22 19:16:24', '2019-07-22 19:16:24', 82, 1),
(1510, 'img_1278.jpg', 'image/jpeg', 'jpg', '', NULL, NULL, 'guest', NULL, NULL, '2019-07-22 19:16:24', '2019-07-22 19:16:24', 82, 1),
(1511, '078 - copie.jpg', 'image/jpeg', 'jpg', '', NULL, NULL, 'guest', NULL, NULL, '2019-07-22 19:16:24', '2019-07-22 19:16:24', 82, 1),
(1512, 'img_0169.jpg', 'image/jpeg', 'jpg', '', NULL, NULL, 'guest', NULL, NULL, '2019-07-22 19:16:24', '2019-07-22 19:16:24', 82, 1),
(1513, 'img_0178.jpg', 'image/jpeg', 'jpg', '', NULL, NULL, 'guest', NULL, NULL, '2019-07-22 19:16:24', '2019-07-22 19:16:24', 82, 1),
(1514, 'img_0202.jpg', 'image/jpeg', 'jpg', '', NULL, NULL, 'guest', NULL, NULL, '2019-07-22 19:16:24', '2019-07-22 19:16:24', 82, 1),
(1515, 'img_0207.jpg', 'image/jpeg', 'jpg', '', NULL, NULL, 'guest', NULL, NULL, '2019-07-22 19:16:24', '2019-07-22 19:16:24', 82, 1),
(1516, 'img_0208.jpg', 'image/jpeg', 'jpg', '', NULL, NULL, 'guest', NULL, NULL, '2019-07-22 19:16:24', '2019-07-22 19:16:24', 82, 1),
(1517, 'img_0211.jpg', 'image/jpeg', 'jpg', '', NULL, NULL, 'guest', NULL, NULL, '2019-07-22 19:16:24', '2019-07-22 19:16:24', 82, 1),
(1518, 'img_1272.jpg', 'image/jpeg', 'jpg', '', NULL, NULL, 'guest', NULL, NULL, '2019-07-22 19:16:24', '2019-07-22 19:16:24', 82, 1),
(1519, 'img_0326.jpg', 'image/jpeg', 'jpg', '', NULL, NULL, 'guest', NULL, NULL, '2019-07-22 19:16:24', '2019-07-22 19:16:24', 82, 1),
(1520, 'img_0332.jpg', 'image/jpeg', 'jpg', '', NULL, NULL, 'guest', NULL, NULL, '2019-07-22 19:16:24', '2019-07-22 19:16:24', 82, 1),
(1521, 'img_0334.jpg', 'image/jpeg', 'jpg', '', NULL, NULL, 'guest', NULL, NULL, '2019-07-22 19:16:24', '2019-07-22 19:16:24', 82, 1),
(1523, 'img_0342.jpg', 'image/jpeg', 'jpg', '', NULL, NULL, 'guest', NULL, NULL, '2019-07-22 19:16:24', '2019-07-22 19:16:24', 82, 1),
(1525, 'img_0345.jpg', 'image/jpeg', 'jpg', '', NULL, NULL, 'guest', NULL, NULL, '2019-07-22 19:16:24', '2019-07-22 19:16:24', 82, 1),
(1526, 'img_0340.jpg', 'image/jpeg', 'jpg', '', NULL, NULL, 'guest', NULL, NULL, '2019-07-22 19:16:24', '2019-07-22 19:16:24', 82, 1),
(1527, 'img_0343.jpg', 'image/jpeg', 'jpg', '', NULL, NULL, 'guest', NULL, NULL, '2019-07-22 19:16:24', '2019-07-22 19:16:24', 82, 1),
(1529, 'shot-05-web.jpg', 'image/jpeg', 'jpg', '', NULL, NULL, 'guest', NULL, NULL, '2019-07-22 19:16:24', '2019-07-22 19:16:24', 96, 1),
(1530, 'img_0791.jpg', 'image/jpeg', 'jpg', '', NULL, NULL, 'guest', NULL, NULL, '2019-07-22 19:16:24', '2019-07-22 19:16:24', 82, 1),
(1531, 'img_0793.jpg', 'image/jpeg', 'jpg', '', NULL, NULL, 'guest', NULL, NULL, '2019-07-22 19:16:24', '2019-07-22 19:16:24', 82, 1),
(1532, 'img_0797.jpg', 'image/jpeg', 'jpg', '', NULL, NULL, 'guest', NULL, NULL, '2019-07-22 19:16:24', '2019-07-22 19:16:24', 82, 1),
(1533, 'img_0799.jpg', 'image/jpeg', 'jpg', '', NULL, NULL, 'guest', NULL, NULL, '2019-07-22 19:16:24', '2019-07-22 19:16:24', 82, 1),
(1534, 'img_0802.jpg', 'image/jpeg', 'jpg', '', NULL, NULL, 'guest', NULL, NULL, '2019-07-22 19:16:24', '2019-07-22 19:16:24', 82, 1),
(1535, 'img_0804.jpg', 'image/jpeg', 'jpg', '', NULL, NULL, 'guest', NULL, NULL, '2019-07-22 19:16:24', '2019-07-22 19:16:24', 82, 1),
(1536, 'img_0807.jpg', 'image/jpeg', 'jpg', '', NULL, NULL, 'guest', NULL, NULL, '2019-07-22 19:16:24', '2019-07-22 19:16:24', 82, 1),
(1537, 'img_0809.jpg', 'image/jpeg', 'jpg', '', NULL, NULL, 'guest', NULL, NULL, '2019-07-22 19:16:24', '2019-07-22 19:16:24', 82, 1),
(1538, 'img_0840.jpg', 'image/jpeg', 'jpg', '', NULL, NULL, 'guest', NULL, NULL, '2019-07-22 19:16:24', '2019-07-22 19:16:24', 82, 1),
(1539, 'img_0847.jpg', 'image/jpeg', 'jpg', '', NULL, NULL, 'guest', NULL, NULL, '2019-07-22 19:16:24', '2019-07-22 19:16:24', 82, 1),
(1540, 'img_0941.jpg', 'image/jpeg', 'jpg', '', NULL, NULL, 'guest', NULL, NULL, '2019-07-22 19:16:24', '2019-07-22 19:16:24', 82, 1),
(1541, 'img_0965.jpg', 'image/jpeg', 'jpg', '', NULL, NULL, 'guest', NULL, NULL, '2019-07-22 19:16:24', '2019-07-22 19:16:24', 82, 1),
(1542, 'img_1165.jpg', 'image/jpeg', 'jpg', '', NULL, NULL, 'guest', NULL, NULL, '2019-07-22 19:16:24', '2019-07-22 19:16:24', 82, 1),
(1543, 'img_1171.jpg', 'image/jpeg', 'jpg', '', NULL, NULL, 'guest', NULL, NULL, '2019-07-22 19:16:24', '2019-07-22 19:16:24', 82, 1),
(1544, 'img_1183.jpg', 'image/jpeg', 'jpg', '', NULL, NULL, 'guest', NULL, NULL, '2019-07-22 19:16:24', '2019-07-22 19:16:24', 82, 1),
(1545, 'img_1192.jpg', 'image/jpeg', 'jpg', '', NULL, NULL, 'guest', NULL, NULL, '2019-07-22 19:16:24', '2019-07-22 19:16:24', 82, 1),
(1546, 'img_1197.jpg', 'image/jpeg', 'jpg', '', NULL, NULL, 'guest', NULL, NULL, '2019-07-22 19:16:24', '2019-07-22 19:16:24', 82, 1),
(1547, 'img_1215.jpg', 'image/jpeg', 'jpg', '', NULL, NULL, 'guest', NULL, NULL, '2019-07-22 19:16:24', '2019-07-22 19:16:24', 82, 1),
(1548, 'img_1223.jpg', 'image/jpeg', 'jpg', '', NULL, NULL, 'guest', NULL, NULL, '2019-07-22 19:16:24', '2019-07-22 19:16:24', 82, 1),
(1549, 'img_1224.jpg', 'image/jpeg', 'jpg', '', NULL, NULL, 'guest', NULL, NULL, '2019-07-22 19:16:24', '2019-07-22 19:16:24', 82, 1),
(1550, 'img_1228.jpg', 'image/jpeg', 'jpg', '', NULL, NULL, 'guest', NULL, NULL, '2019-07-22 19:16:24', '2019-07-22 19:16:24', 95, 1),
(1551, 'project-main-image-web.jpg', 'image/jpeg', 'jpg', '', NULL, NULL, 'guest', NULL, NULL, '2019-07-22 19:16:24', '2019-07-22 19:16:24', 96, 1),
(1555, 'app r.1 chambre.jpg', 'image/jpeg', 'jpg', '', NULL, NULL, 'guest', NULL, NULL, '2019-07-22 19:16:24', '2019-07-22 19:16:24', 79, 1),
(1556, 'app r.1.jpg', 'image/jpeg', 'jpg', '', NULL, NULL, 'guest', NULL, NULL, '2019-07-22 19:16:24', '2019-07-22 19:16:24', 79, 1),
(1557, 'app.r.1 a.jpg', 'image/jpeg', 'jpg', '', NULL, NULL, 'guest', NULL, NULL, '2019-07-22 19:16:24', '2019-07-22 19:16:24', 79, 1),
(1558, 'highresscreenshot00029.jpg', 'image/jpeg', 'jpg', '', NULL, NULL, 'guest', NULL, NULL, '2019-07-22 19:16:24', '2019-07-22 19:16:24', 79, 1),
(1559, 'highresscreenshot00030.jpg', 'image/jpeg', 'jpg', '', NULL, NULL, 'guest', NULL, NULL, '2019-07-22 19:16:24', '2019-07-22 19:16:24', 79, 1),
(1560, 'highresscreenshot00032.jpg', 'image/jpeg', 'jpg', '', NULL, NULL, 'guest', NULL, NULL, '2019-07-22 19:16:24', '2019-07-22 19:16:24', 79, 1),
(1561, 'highresscreenshot00033.jpg', 'image/jpeg', 'jpg', '', NULL, NULL, 'guest', NULL, NULL, '2019-07-22 19:16:24', '2019-07-22 19:16:24', 79, 1),
(1562, 'highresscreenshot00034.jpg', 'image/jpeg', 'jpg', '', NULL, NULL, 'guest', NULL, NULL, '2019-07-22 19:16:24', '2019-07-22 19:16:24', 79, 1),
(1565, 'highresscreenshot00038.jpg', 'image/jpeg', 'jpg', '', NULL, NULL, 'guest', NULL, NULL, '2019-07-22 19:16:24', '2019-07-22 19:16:24', 79, 1),
(1566, 'highresscreenshot00039.jpg', 'image/jpeg', 'jpg', '', NULL, NULL, 'guest', NULL, NULL, '2019-07-22 19:16:24', '2019-07-22 19:16:24', 79, 1),
(1568, 'highresscreenshot00041.jpg', 'image/jpeg', 'jpg', '', NULL, NULL, 'guest', NULL, NULL, '2019-07-22 19:16:24', '2019-07-22 19:16:24', 79, 1),
(1569, 'highresscreenshot00042.jpg', 'image/jpeg', 'jpg', '', NULL, NULL, 'guest', NULL, NULL, '2019-07-22 19:16:24', '2019-07-22 19:16:24', 79, 1),
(1570, 'highresscreenshot00044.jpg', 'image/jpeg', 'jpg', '', NULL, NULL, 'guest', NULL, NULL, '2019-07-22 19:16:24', '2019-07-22 19:16:24', 79, 1),
(1571, 'highresscreenshot00045.jpg', 'image/jpeg', 'jpg', '', NULL, NULL, 'guest', NULL, NULL, '2019-07-22 19:16:24', '2019-07-22 19:16:24', 79, 1),
(1572, 'img_1681.jpg', 'image/jpeg', 'jpg', '', NULL, NULL, 'guest', NULL, NULL, '2019-07-22 19:16:24', '2019-07-22 19:16:24', 82, 1),
(1573, 'img_1684.jpg', 'image/jpeg', 'jpg', '', NULL, NULL, 'guest', NULL, NULL, '2019-07-22 19:16:24', '2019-07-22 19:16:24', 82, 1),
(1574, 'img_1685.jpg', 'image/jpeg', 'jpg', '', NULL, NULL, 'guest', NULL, NULL, '2019-07-22 19:16:24', '2019-07-22 19:16:24', 82, 1),
(1575, 'img_1687.jpg', 'image/jpeg', 'jpg', '', NULL, NULL, 'guest', NULL, NULL, '2019-07-22 19:16:24', '2019-07-22 19:16:24', 82, 1),
(1576, 'img_1689.jpg', 'image/jpeg', 'jpg', '', NULL, NULL, 'guest', NULL, NULL, '2019-07-22 19:16:24', '2019-07-22 19:16:24', 82, 1),
(1577, 'img_1691.jpg', 'image/jpeg', 'jpg', '', NULL, NULL, 'guest', NULL, NULL, '2019-07-22 19:16:24', '2019-07-22 19:16:24', 82, 1),
(1578, 'img_1692.jpg', 'image/jpeg', 'jpg', '', NULL, NULL, 'guest', NULL, NULL, '2019-07-22 19:16:24', '2019-07-22 19:16:24', 82, 1),
(1579, 'img_1695.jpg', 'image/jpeg', 'jpg', '', NULL, NULL, 'guest', NULL, NULL, '2019-07-22 19:16:24', '2019-07-22 19:16:24', 82, 1),
(1580, 'img_1696.jpg', 'image/jpeg', 'jpg', '', NULL, NULL, 'guest', NULL, NULL, '2019-07-22 19:16:24', '2019-07-22 19:16:24', 82, 1),
(1585, '1-5.jpg', 'image/jpeg', 'jpg', '', NULL, NULL, 'guest', NULL, NULL, '2019-07-22 19:16:24', '2019-07-22 19:16:24', 164, 1),
(1586, 'entente 1-6.jpg', 'image/jpeg', 'jpg', '', NULL, NULL, 'guest', NULL, NULL, '2019-07-22 19:16:25', '2019-07-22 19:16:25', 177, 1),
(1587, 'entente - pdv - 2-5.jpg', 'image/jpeg', 'jpg', '', NULL, NULL, 'guest', NULL, NULL, '2019-07-22 19:16:25', '2019-07-22 19:16:25', 169, 1),
(1588, 'r-1.jpg', 'image/jpeg', 'jpg', '', NULL, NULL, 'guest', NULL, NULL, '2019-07-22 19:16:25', '2019-07-22 19:16:25', 170, 1),
(1589, 'penthouse-shot-01.jpg', 'image/jpeg', 'jpg', '', NULL, NULL, 'guest', NULL, NULL, '2019-07-22 19:16:25', '2019-07-22 19:16:25', 169, 1),
(1590, 'penthouse-shot-02.jpg', 'image/jpeg', 'jpg', '', NULL, NULL, 'guest', NULL, NULL, '2019-07-22 19:16:25', '2019-07-22 19:16:25', 169, 1),
(1591, 'penthouse-shot-03.jpg', 'image/jpeg', 'jpg', '', NULL, NULL, 'guest', NULL, NULL, '2019-07-22 19:16:25', '2019-07-22 19:16:25', 169, 1),
(1592, 'penthouse-shot-06.jpg', 'image/jpeg', 'jpg', '', NULL, NULL, 'guest', NULL, NULL, '2019-07-22 19:16:25', '2019-07-22 19:16:25', 169, 1),
(1593, 'shot-02-v3.jpg', 'image/jpeg', 'jpg', '', NULL, NULL, 'guest', NULL, NULL, '2019-07-22 19:16:25', '2019-07-22 19:16:25', 170, 1),
(1594, 'project-main-image-web.jpg', 'image/jpeg', 'jpg', '', NULL, NULL, 'guest', NULL, NULL, '2019-07-22 19:16:25', '2019-07-22 19:16:25', 171, 1),
(1596, 'perniaux - pdv - r.2.jpg', 'image/jpeg', 'jpg', '', NULL, NULL, 'guest', NULL, NULL, '2019-07-22 19:16:25', '2019-07-22 19:16:25', 171, 1),
(1597, 'perniaux - pdv - r-3.jpg', 'image/jpeg', 'jpg', '', NULL, NULL, 'guest', NULL, NULL, '2019-07-22 19:16:25', '2019-07-22 19:16:25', 172, 1),
(1598, 'shot-02-v3.jpg', 'image/jpeg', 'jpg', '', NULL, NULL, 'guest', NULL, NULL, '2019-07-22 19:16:25', '2019-07-22 19:16:25', 172, 1),
(1599, 'perniaux - pdv - 1-1.jpg', 'image/jpeg', 'jpg', '', NULL, NULL, 'guest', NULL, NULL, '2019-07-22 19:16:25', '2019-07-22 19:16:25', 173, 1),
(1600, 'shot-02-v3.jpg', 'image/jpeg', 'jpg', '', NULL, NULL, 'guest', NULL, NULL, '2019-07-22 19:16:25', '2019-07-22 19:16:25', 173, 1),
(1601, 'perniaux - pdv - 1.3.jpg', 'image/jpeg', 'jpg', '', NULL, NULL, 'guest', NULL, NULL, '2019-07-22 19:16:25', '2019-07-22 19:16:25', 174, 1),
(1602, 'shot-02-v3.jpg', 'image/jpeg', 'jpg', '', NULL, NULL, 'guest', NULL, NULL, '2019-07-22 19:16:25', '2019-07-22 19:16:25', 174, 1),
(1603, 'penthouse - 2-1.jpg', 'image/jpeg', 'jpg', '', NULL, NULL, 'guest', NULL, NULL, '2019-07-22 19:16:25', '2019-07-22 19:16:25', 175, 1),
(1604, 'shot-01-v3.jpg', 'image/jpeg', 'jpg', '', NULL, NULL, 'guest', NULL, NULL, '2019-07-22 19:16:25', '2019-07-22 19:16:25', 175, 1),
(1605, 'repérage n° app..jpg', 'image/jpeg', 'jpg', '', NULL, NULL, 'guest', NULL, NULL, '2019-07-22 19:16:25', '2019-07-22 19:16:25', 176, 1),
(1606, 'perniaux - pdv - 2-2.jpg', 'image/jpeg', 'jpg', '', NULL, NULL, 'guest', NULL, NULL, '2019-07-22 19:16:25', '2019-07-22 19:16:25', 176, 1),
(1608, 'img_2825.jpg', 'image/jpeg', 'jpg', '', NULL, NULL, 'guest', NULL, NULL, '2019-07-22 19:16:24', '2019-07-22 19:16:24', 82, 1),
(1609, 'img_2872.jpg', 'image/jpeg', 'jpg', '', NULL, NULL, 'guest', NULL, NULL, '2019-07-22 19:16:24', '2019-07-22 19:16:24', 82, 1),
(1610, 'img_2874.jpg', 'image/jpeg', 'jpg', '', NULL, NULL, 'guest', NULL, NULL, '2019-07-22 19:16:24', '2019-07-22 19:16:24', 82, 1),
(1611, 'img_2888.jpg', 'image/jpeg', 'jpg', '', NULL, NULL, 'guest', NULL, NULL, '2019-07-22 19:16:24', '2019-07-22 19:16:24', 82, 1),
(1612, 'img_2889.jpg', 'image/jpeg', 'jpg', '', NULL, NULL, 'guest', NULL, NULL, '2019-07-22 19:16:24', '2019-07-22 19:16:24', 82, 1),
(1613, 'img_2899.jpg', 'image/jpeg', 'jpg', '', NULL, NULL, 'guest', NULL, NULL, '2019-07-22 19:16:24', '2019-07-22 19:16:24', 82, 1),
(1614, 'img_2900.jpg', 'image/jpeg', 'jpg', '', NULL, NULL, 'guest', NULL, NULL, '2019-07-22 19:16:24', '2019-07-22 19:16:24', 82, 1),
(1615, 'img_2586.jpg', 'image/jpeg', 'jpg', '', NULL, NULL, 'guest', NULL, NULL, '2019-07-22 19:16:24', '2019-07-22 19:16:24', 83, 1),
(1616, 'img_2739.jpg', 'image/jpeg', 'jpg', '', NULL, NULL, 'guest', NULL, NULL, '2019-07-22 19:16:24', '2019-07-22 19:16:24', 83, 1),
(1617, 'img_2832.jpg', 'image/jpeg', 'jpg', '', NULL, NULL, 'guest', NULL, NULL, '2019-07-22 19:16:24', '2019-07-22 19:16:24', 83, 1),
(1618, 'img_2839.jpg', 'image/jpeg', 'jpg', '', NULL, NULL, 'guest', NULL, NULL, '2019-07-22 19:16:24', '2019-07-22 19:16:24', 83, 1),
(1619, 'img_2878.jpg', 'image/jpeg', 'jpg', '', NULL, NULL, 'guest', NULL, NULL, '2019-07-22 19:16:24', '2019-07-22 19:16:24', 83, 1),
(1620, 'img_2879.jpg', 'image/jpeg', 'jpg', '', NULL, NULL, 'guest', NULL, NULL, '2019-07-22 19:16:24', '2019-07-22 19:16:24', 83, 1),
(1621, 'img_2882.jpg', 'image/jpeg', 'jpg', '', NULL, NULL, 'guest', NULL, NULL, '2019-07-22 19:16:24', '2019-07-22 19:16:24', 83, 1),
(1622, 'img_3181.jpg', 'image/jpeg', 'jpg', '', NULL, NULL, 'guest', NULL, NULL, '2019-07-22 19:16:24', '2019-07-22 19:16:24', 83, 1),
(1623, 'img_3348.jpg', 'image/jpeg', 'jpg', '', NULL, NULL, 'guest', NULL, NULL, '2019-07-22 19:16:24', '2019-07-22 19:16:24', 83, 1),
(1624, 'img_3349.jpg', 'image/jpeg', 'jpg', '', NULL, NULL, 'guest', NULL, NULL, '2019-07-22 19:16:24', '2019-07-22 19:16:24', 83, 1),
(1625, 'img_3735.jpg', 'image/jpeg', 'jpg', '', NULL, NULL, 'guest', NULL, NULL, '2019-07-22 19:16:24', '2019-07-22 19:16:24', 83, 1),
(1626, 'img_3736.jpg', 'image/jpeg', 'jpg', '', NULL, NULL, 'guest', NULL, NULL, '2019-07-22 19:16:24', '2019-07-22 19:16:24', 83, 1),
(1627, 'img_3514.jpg', 'image/jpeg', 'jpg', '', NULL, NULL, 'guest', NULL, NULL, '2019-07-22 19:16:24', '2019-07-22 19:16:24', 82, 1),
(1628, 'img_3515.jpg', 'image/jpeg', 'jpg', '', NULL, NULL, 'guest', NULL, NULL, '2019-07-22 19:16:24', '2019-07-22 19:16:24', 82, 1),
(1629, 'img_3649.jpg', 'image/jpeg', 'jpg', '', NULL, NULL, 'guest', NULL, NULL, '2019-07-22 19:16:24', '2019-07-22 19:16:24', 82, 1),
(1630, 'img_3652.jpg', 'image/jpeg', 'jpg', '', NULL, NULL, 'guest', NULL, NULL, '2019-07-22 19:16:24', '2019-07-22 19:16:24', 82, 1),
(1631, 'img_3655.jpg', 'image/jpeg', 'jpg', '', NULL, NULL, 'guest', NULL, NULL, '2019-07-22 19:16:24', '2019-07-22 19:16:24', 82, 1),
(1632, 'shot_06-1k (web).jpg', 'image/jpeg', 'jpg', '', NULL, NULL, 'guest', NULL, NULL, '2019-07-22 19:16:24', '2019-07-22 19:16:24', 97, 1),
(1633, 'shot_03-1k (web).jpg', 'image/jpeg', 'jpg', '', NULL, NULL, 'guest', NULL, NULL, '2019-07-22 19:16:25', '2019-07-22 19:16:25', 178, 1),
(1634, 'shot_04-1k (web).jpg', 'image/jpeg', 'jpg', '', NULL, NULL, 'guest', NULL, NULL, '2019-07-22 19:16:25', '2019-07-22 19:16:25', 178, 1),
(1635, 'shot_08-1k (web).jpg', 'image/jpeg', 'jpg', '', NULL, NULL, 'guest', NULL, NULL, '2019-07-22 19:16:25', '2019-07-22 19:16:25', 178, 1),
(1636, 'shot_10-1k (web).jpg', 'image/jpeg', 'jpg', '', NULL, NULL, 'guest', NULL, NULL, '2019-07-22 19:16:25', '2019-07-22 19:16:25', 178, 1),
(1637, 'shot_11-1k (web).jpg', 'image/jpeg', 'jpg', '', NULL, NULL, 'guest', NULL, NULL, '2019-07-22 19:16:25', '2019-07-22 19:16:25', 178, 1),
(1638, '2017 11 22 - vue en plan 1 rez  1-100.pdf', 'application/pdf', 'pdf', 'documents', NULL, NULL, 'guest', NULL, NULL, '2019-07-22 19:16:25', '2019-07-22 19:16:25', 178, 1),
(1640, '2017 11 22 - vue en plan 2 rez +1  1-100.pdf', 'application/pdf', 'pdf', 'documents', NULL, NULL, 'guest', NULL, NULL, '2019-07-22 19:16:25', '2019-07-22 19:16:25', 178, 1),
(1641, 'shot_11-1k (web).jpg', 'image/jpeg', 'jpg', '', NULL, NULL, 'guest', NULL, NULL, '2019-07-22 19:16:25', '2019-07-22 19:16:25', 179, 1),
(1642, 'shot_10-1k (web).jpg', 'image/jpeg', 'jpg', '', NULL, NULL, 'guest', NULL, NULL, '2019-07-22 19:16:25', '2019-07-22 19:16:25', 179, 1),
(1643, 'shot_08-1k (web).jpg', 'image/jpeg', 'jpg', '', NULL, NULL, 'guest', NULL, NULL, '2019-07-22 19:16:25', '2019-07-22 19:16:25', 179, 1),
(1644, 'shot_04-1k (web).jpg', 'image/jpeg', 'jpg', '', NULL, NULL, 'guest', NULL, NULL, '2019-07-22 19:16:25', '2019-07-22 19:16:25', 179, 1),
(1645, 'shot_03-1k (web).jpg', 'image/jpeg', 'jpg', '', NULL, NULL, 'guest', NULL, NULL, '2019-07-22 19:16:25', '2019-07-22 19:16:25', 179, 1),
(1646, '2017 11 22 - vue en plan 2 rez +1  1-100.pdf', 'application/pdf', 'pdf', 'documents', NULL, NULL, 'guest', NULL, NULL, '2019-07-22 19:16:25', '2019-07-22 19:16:25', 179, 1),
(1648, '2017 11 22 - vue en plan 1 rez  1-100.pdf', 'application/pdf', 'pdf', 'documents', NULL, NULL, 'guest', NULL, NULL, '2019-07-22 19:16:25', '2019-07-22 19:16:25', 179, 1),
(1650, '2017 11 22 - vue en plan 3 combles 1-100.pdf', 'application/pdf', 'pdf', 'documents', NULL, NULL, 'guest', NULL, NULL, '2019-07-22 19:16:25', '2019-07-22 19:16:25', 178, 1),
(1651, '2017 11 22 - vue en plan 3 combles 1-100.pdf', 'application/pdf', 'pdf', 'documents', NULL, NULL, 'guest', NULL, NULL, '2019-07-22 19:16:25', '2019-07-22 19:16:25', 179, 1),
(1652, 'plan parcelles final  anselme mary division 2018 f', 'application/pdf', 'pdf', 'documents', NULL, NULL, 'guest', NULL, NULL, '2019-07-22 19:16:25', '2019-07-22 19:16:25', 179, 1),
(1653, '2017 11 22 - vue en plan 3 combles 1-100.pdf', 'application/pdf', 'pdf', 'documents', NULL, NULL, 'guest', NULL, NULL, '2019-07-22 19:16:25', '2019-07-22 19:16:25', 180, 1),
(1654, '2017 11 22 - vue en plan 2 rez +1  1-100.pdf', 'application/pdf', 'pdf', 'documents', NULL, NULL, 'guest', NULL, NULL, '2019-07-22 19:16:25', '2019-07-22 19:16:25', 180, 1),
(1655, '2017 11 22 - vue en plan 1 rez  1-100.pdf', 'application/pdf', 'pdf', 'documents', NULL, NULL, 'guest', NULL, NULL, '2019-07-22 19:16:25', '2019-07-22 19:16:25', 180, 1),
(1656, 'shot_11-1k (web).jpg', 'image/jpeg', 'jpg', '', NULL, NULL, 'guest', NULL, NULL, '2019-07-22 19:16:25', '2019-07-22 19:16:25', 180, 1),
(1657, 'shot_10-1k (web).jpg', 'image/jpeg', 'jpg', '', NULL, NULL, 'guest', NULL, NULL, '2019-07-22 19:16:25', '2019-07-22 19:16:25', 180, 1),
(1658, 'shot_08-1k (web).jpg', 'image/jpeg', 'jpg', '', NULL, NULL, 'guest', NULL, NULL, '2019-07-22 19:16:25', '2019-07-22 19:16:25', 180, 1),
(1659, 'shot_04-1k (web).jpg', 'image/jpeg', 'jpg', '', NULL, NULL, 'guest', NULL, NULL, '2019-07-22 19:16:25', '2019-07-22 19:16:25', 180, 1),
(1660, 'shot_03-1k (web).jpg', 'image/jpeg', 'jpg', '', NULL, NULL, 'guest', NULL, NULL, '2019-07-22 19:16:25', '2019-07-22 19:16:25', 180, 1),
(1661, 'shot_11-1k (web).jpg', 'image/jpeg', 'jpg', '', NULL, NULL, 'guest', NULL, NULL, '2019-07-22 19:16:25', '2019-07-22 19:16:25', 181, 1),
(1662, 'shot_10-1k (web).jpg', 'image/jpeg', 'jpg', '', NULL, NULL, 'guest', NULL, NULL, '2019-07-22 19:16:25', '2019-07-22 19:16:25', 181, 1),
(1663, 'shot_08-1k (web).jpg', 'image/jpeg', 'jpg', '', NULL, NULL, 'guest', NULL, NULL, '2019-07-22 19:16:25', '2019-07-22 19:16:25', 181, 1),
(1664, 'shot_04-1k (web).jpg', 'image/jpeg', 'jpg', '', NULL, NULL, 'guest', NULL, NULL, '2019-07-22 19:16:25', '2019-07-22 19:16:25', 181, 1),
(1665, 'shot_03-1k (web).jpg', 'image/jpeg', 'jpg', '', NULL, NULL, 'guest', NULL, NULL, '2019-07-22 19:16:25', '2019-07-22 19:16:25', 181, 1),
(1666, '2017 11 22 - vue en plan 3 combles 1-100.pdf', 'application/pdf', 'pdf', 'documents', NULL, NULL, 'guest', NULL, NULL, '2019-07-22 19:16:25', '2019-07-22 19:16:25', 181, 1),
(1667, '2017 11 22 - vue en plan 2 rez +1  1-100.pdf', 'application/pdf', 'pdf', 'documents', NULL, NULL, 'guest', NULL, NULL, '2019-07-22 19:16:25', '2019-07-22 19:16:25', 181, 1),
(1668, '2017 11 22 - vue en plan 1 rez  1-100.pdf', 'application/pdf', 'pdf', 'documents', NULL, NULL, 'guest', NULL, NULL, '2019-07-22 19:16:25', '2019-07-22 19:16:25', 181, 1),
(1672, 'shot_03-1k (web).jpg', 'image/jpeg', 'jpg', '', NULL, NULL, 'guest', NULL, NULL, '2019-07-22 19:16:25', '2019-07-22 19:16:25', 182, 1),
(1673, 'shot_04-1k (web).jpg', 'image/jpeg', 'jpg', '', NULL, NULL, 'guest', NULL, NULL, '2019-07-22 19:16:25', '2019-07-22 19:16:25', 182, 1),
(1674, 'shot_08-1k (web).jpg', 'image/jpeg', 'jpg', '', NULL, NULL, 'guest', NULL, NULL, '2019-07-22 19:16:25', '2019-07-22 19:16:25', 182, 1),
(1675, 'shot_10-1k (web).jpg', 'image/jpeg', 'jpg', '', NULL, NULL, 'guest', NULL, NULL, '2019-07-22 19:16:25', '2019-07-22 19:16:25', 182, 1),
(1676, 'shot_11-1k (web).jpg', 'image/jpeg', 'jpg', '', NULL, NULL, 'guest', NULL, NULL, '2019-07-22 19:16:25', '2019-07-22 19:16:25', 182, 1),
(1677, 'plan parcelles final  anselme mary division 2018 f', 'application/pdf', 'pdf', 'documents', NULL, NULL, 'guest', NULL, NULL, '2019-07-22 19:16:25', '2019-07-22 19:16:25', 182, 1),
(1678, '2017 11 22 - vue en plan 3 combles 1-100.pdf', 'application/pdf', 'pdf', 'documents', NULL, NULL, 'guest', NULL, NULL, '2019-07-22 19:16:25', '2019-07-22 19:16:25', 182, 1),
(1679, '2017 11 22 - vue en plan 1 rez  1-100.pdf', 'application/pdf', 'pdf', 'documents', NULL, NULL, 'guest', NULL, NULL, '2019-07-22 19:16:25', '2019-07-22 19:16:25', 182, 1),
(1680, '2017 11 22 - vue en plan 2 rez +1  1-100.pdf', 'application/pdf', 'pdf', 'documents', NULL, NULL, 'guest', NULL, NULL, '2019-07-22 19:16:25', '2019-07-22 19:16:25', 182, 1),
(1685, '2017 11 22 - vue en plan 1 rez  1-100.pdf', 'application/pdf', 'pdf', 'documents', NULL, NULL, 'guest', NULL, NULL, '2019-07-22 19:16:25', '2019-07-22 19:16:25', 183, 1),
(1686, '2017 11 22 - vue en plan 2 rez +1  1-100.pdf', 'application/pdf', 'pdf', 'documents', NULL, NULL, 'guest', NULL, NULL, '2019-07-22 19:16:25', '2019-07-22 19:16:25', 183, 1),
(1687, '2017 11 22 - vue en plan 3 combles 1-100.pdf', 'application/pdf', 'pdf', 'documents', NULL, NULL, 'guest', NULL, NULL, '2019-07-22 19:16:25', '2019-07-22 19:16:25', 183, 1),
(1688, 'shot_03-1k (web).jpg', 'image/jpeg', 'jpg', '', NULL, NULL, 'guest', NULL, NULL, '2019-07-22 19:16:25', '2019-07-22 19:16:25', 183, 1),
(1689, 'shot_04-1k (web).jpg', 'image/jpeg', 'jpg', '', NULL, NULL, 'guest', NULL, NULL, '2019-07-22 19:16:25', '2019-07-22 19:16:25', 183, 1),
(1690, 'shot_08-1k (web).jpg', 'image/jpeg', 'jpg', '', NULL, NULL, 'guest', NULL, NULL, '2019-07-22 19:16:25', '2019-07-22 19:16:25', 183, 1),
(1691, 'shot_10-1k (web).jpg', 'image/jpeg', 'jpg', '', NULL, NULL, 'guest', NULL, NULL, '2019-07-22 19:16:25', '2019-07-22 19:16:25', 183, 1),
(1692, 'shot_11-1k (web).jpg', 'image/jpeg', 'jpg', '', NULL, NULL, 'guest', NULL, NULL, '2019-07-22 19:16:25', '2019-07-22 19:16:25', 183, 1),
(1693, 'shot_01-1k (web).jpg', 'image/jpeg', 'jpg', '', NULL, NULL, 'guest', NULL, NULL, '2019-07-22 19:16:24', '2019-07-22 19:16:24', 84, 1),
(1694, 'shot_02-1k (web).jpg', 'image/jpeg', 'jpg', '', NULL, NULL, 'guest', NULL, NULL, '2019-07-22 19:16:24', '2019-07-22 19:16:24', 84, 1),
(1695, 'shot_03-1k (web).jpg', 'image/jpeg', 'jpg', '', NULL, NULL, 'guest', NULL, NULL, '2019-07-22 19:16:24', '2019-07-22 19:16:24', 84, 1),
(1696, 'shot_04-1k (web).jpg', 'image/jpeg', 'jpg', '', NULL, NULL, 'guest', NULL, NULL, '2019-07-22 19:16:24', '2019-07-22 19:16:24', 84, 1),
(1697, 'shot_05-1k (web).jpg', 'image/jpeg', 'jpg', '', NULL, NULL, 'guest', NULL, NULL, '2019-07-22 19:16:24', '2019-07-22 19:16:24', 84, 1),
(1698, 'shot_07-1k (web).jpg', 'image/jpeg', 'jpg', '', NULL, NULL, 'guest', NULL, NULL, '2019-07-22 19:16:24', '2019-07-22 19:16:24', 84, 1),
(1699, 'shot_08-1k (web).jpg', 'image/jpeg', 'jpg', '', NULL, NULL, 'guest', NULL, NULL, '2019-07-22 19:16:24', '2019-07-22 19:16:24', 84, 1),
(1700, 'shot_10-1k (web).jpg', 'image/jpeg', 'jpg', '', NULL, NULL, 'guest', NULL, NULL, '2019-07-22 19:16:24', '2019-07-22 19:16:24', 84, 1),
(1701, 'shot_11-1k (web).jpg', 'image/jpeg', 'jpg', '', NULL, NULL, 'guest', NULL, NULL, '2019-07-22 19:16:24', '2019-07-22 19:16:24', 84, 1),
(1702, 'cahier maison marie ii.doc', 'application/vnd.openxmlformats', 'doc', 'documents', NULL, NULL, 'guest', NULL, NULL, '2019-07-22 19:16:24', '2019-07-22 19:16:24', 97, 1),
(1703, '2017 11 22 - vue en plan 1 rez  1-100.pdf', 'application/pdf', 'pdf', 'documents', NULL, NULL, 'guest', NULL, NULL, '2019-07-22 19:16:24', '2019-07-22 19:16:24', 97, 1),
(1704, 'plan parcelles final  anselme mary division 2018 f', 'application/pdf', 'pdf', 'documents', NULL, NULL, 'guest', NULL, NULL, '2019-07-22 19:16:24', '2019-07-22 19:16:24', 97, 1),
(1707, 'shot-01-web.jpg', 'image/jpeg', 'jpg', '', NULL, NULL, 'guest', NULL, NULL, '2019-07-22 19:16:24', '2019-07-22 19:16:24', 98, 1),
(1708, 'avedelle - pdv - r.1.jpg', 'image/jpeg', 'jpg', '', NULL, NULL, 'guest', NULL, NULL, '2019-07-22 19:16:25', '2019-07-22 19:16:25', 184, 1),
(1709, 'avedelle - pdv - r.2.jpg', 'image/jpeg', 'jpg', '', NULL, NULL, 'guest', NULL, NULL, '2019-07-22 19:16:25', '2019-07-22 19:16:25', 185, 1),
(1710, 'avedelle - pdv - r.3.jpg', 'image/jpeg', 'jpg', '', NULL, NULL, 'guest', NULL, NULL, '2019-07-22 19:16:25', '2019-07-22 19:16:25', 186, 1),
(1711, 'avedelle - pdv - r.4.jpg', 'image/jpeg', 'jpg', '', NULL, NULL, 'guest', NULL, NULL, '2019-07-22 19:16:25', '2019-07-22 19:16:25', 187, 1),
(1712, 'avedelle - pdv - r.5.jpg', 'image/jpeg', 'jpg', '', NULL, NULL, 'guest', NULL, NULL, '2019-07-22 19:16:25', '2019-07-22 19:16:25', 188, 1),
(1713, 'avedelle - pdv - 1.1.jpg', 'image/jpeg', 'jpg', '', NULL, NULL, 'guest', NULL, NULL, '2019-07-22 19:16:25', '2019-07-22 19:16:25', 189, 1),
(1714, 'avedelle - pdv - 1.2.jpg', 'image/jpeg', 'jpg', '', NULL, NULL, 'guest', NULL, NULL, '2019-07-22 19:16:25', '2019-07-22 19:16:25', 190, 1),
(1715, 'avedelle - pdv - 1.3.jpg', 'image/jpeg', 'jpg', '', NULL, NULL, 'guest', NULL, NULL, '2019-07-22 19:16:25', '2019-07-22 19:16:25', 191, 1),
(1716, 'avedelle - pdv - 1.4.jpg', 'image/jpeg', 'jpg', '', NULL, NULL, 'guest', NULL, NULL, '2019-07-22 19:16:25', '2019-07-22 19:16:25', 192, 1),
(1717, 'avedelle - pdv - 1.5.jpg', 'image/jpeg', 'jpg', '', NULL, NULL, 'guest', NULL, NULL, '2019-07-22 19:16:25', '2019-07-22 19:16:25', 193, 1),
(1718, 'avedelle - pdv - 2.1.jpg', 'image/jpeg', 'jpg', '', NULL, NULL, 'guest', NULL, NULL, '2019-07-22 19:16:25', '2019-07-22 19:16:25', 194, 1),
(1719, 'avedelle - pdv - 2.2.jpg', 'image/jpeg', 'jpg', '', NULL, NULL, 'guest', NULL, NULL, '2019-07-22 19:16:25', '2019-07-22 19:16:25', 195, 1),
(1720, 'shot-01-web.jpg', 'image/jpeg', 'jpg', '', NULL, NULL, 'guest', NULL, NULL, '2019-07-22 19:16:24', '2019-07-22 19:16:24', 85, 1),
(1721, 'shot-02-web.jpg', 'image/jpeg', 'jpg', '', NULL, NULL, 'guest', NULL, NULL, '2019-07-22 19:16:24', '2019-07-22 19:16:24', 85, 1),
(1722, 'avedelle - exe provisoire - plan 2_15-06-2018.pdf', 'application/pdf', 'pdf', 'documents', NULL, NULL, 'guest', NULL, NULL, '2019-07-22 19:16:24', '2019-07-22 19:16:24', 98, 1),
(1723, 'avedelle - exe provisoire - plan 3_15-06-2018.pdf', 'application/pdf', 'pdf', 'documents', NULL, NULL, 'guest', NULL, NULL, '2019-07-22 19:16:24', '2019-07-22 19:16:24', 98, 1),
(1724, 'avedelle - exe provisoire - plan 4_15-06-2018.pdf', 'application/pdf', 'pdf', 'documents', NULL, NULL, 'guest', NULL, NULL, '2019-07-22 19:16:24', '2019-07-22 19:16:24', 98, 1),
(1725, 'shot-04-web.jpg', 'image/jpeg', 'jpg', '', NULL, NULL, 'guest', NULL, NULL, '2019-07-22 19:16:24', '2019-07-22 19:16:24', 85, 1),
(1726, 'shot-06-web.jpg', 'image/jpeg', 'jpg', '', NULL, NULL, 'guest', NULL, NULL, '2019-07-22 19:16:24', '2019-07-22 19:16:24', 85, 1),
(1727, 'shot-07-web.jpg', 'image/jpeg', 'jpg', '', NULL, NULL, 'guest', NULL, NULL, '2019-07-22 19:16:24', '2019-07-22 19:16:24', 85, 1),
(1728, 'shot-05-web.jpg', 'image/jpeg', 'jpg', '', NULL, NULL, 'guest', NULL, NULL, '2019-07-22 19:16:24', '2019-07-22 19:16:24', 85, 1),
(1729, 'shot-08-web.jpg', 'image/jpeg', 'jpg', '', NULL, NULL, 'guest', NULL, NULL, '2019-07-22 19:16:24', '2019-07-22 19:16:24', 85, 1),
(1730, 'shot-09-web.jpg', 'image/jpeg', 'jpg', '', NULL, NULL, 'guest', NULL, NULL, '2019-07-22 19:16:24', '2019-07-22 19:16:24', 85, 1),
(1731, 'shot-10-web.jpg', 'image/jpeg', 'jpg', '', NULL, NULL, 'guest', NULL, NULL, '2019-07-22 19:16:24', '2019-07-22 19:16:24', 85, 1),
(1732, 'shot-11-web.jpg', 'image/jpeg', 'jpg', '', NULL, NULL, 'guest', NULL, NULL, '2019-07-22 19:16:24', '2019-07-22 19:16:24', 85, 1),
(1733, 'shot-12-web.jpg', 'image/jpeg', 'jpg', '', NULL, NULL, 'guest', NULL, NULL, '2019-07-22 19:16:24', '2019-07-22 19:16:24', 85, 1),
(1734, 'shot-13-web.jpg', 'image/jpeg', 'jpg', '', NULL, NULL, 'guest', NULL, NULL, '2019-07-22 19:16:24', '2019-07-22 19:16:24', 85, 1),
(1735, 'shot-14-web.jpg', 'image/jpeg', 'jpg', '', NULL, NULL, 'guest', NULL, NULL, '2019-07-22 19:16:24', '2019-07-22 19:16:24', 85, 1),
(1736, 'shot-15-web.jpg', 'image/jpeg', 'jpg', '', NULL, NULL, 'guest', NULL, NULL, '2019-07-22 19:16:24', '2019-07-22 19:16:24', 85, 1),
(1737, 'img_7529.jpg', 'image/jpeg', 'jpg', '', NULL, NULL, 'guest', NULL, NULL, '2019-07-22 19:16:24', '2019-07-22 19:16:24', 95, 1),
(1738, 'img_6620.jpg', 'image/jpeg', 'jpg', '', NULL, NULL, 'guest', NULL, NULL, '2019-07-22 19:16:24', '2019-07-22 19:16:24', 79, 1),
(1739, 'img_6953.jpg', 'image/jpeg', 'jpg', '', NULL, NULL, 'guest', NULL, NULL, '2019-07-22 19:16:24', '2019-07-22 19:16:24', 82, 1),
(1740, 'img_6960.jpg', 'image/jpeg', 'jpg', '', NULL, NULL, 'guest', NULL, NULL, '2019-07-22 19:16:24', '2019-07-22 19:16:24', 82, 1),
(1741, 'img_6961.jpg', 'image/jpeg', 'jpg', '', NULL, NULL, 'guest', NULL, NULL, '2019-07-22 19:16:24', '2019-07-22 19:16:24', 82, 1),
(1742, 'img_6963 - copie.jpg', 'image/jpeg', 'jpg', '', NULL, NULL, 'guest', NULL, NULL, '2019-07-22 19:16:24', '2019-07-22 19:16:24', 82, 1),
(1743, 'img_6966 - copie.jpg', 'image/jpeg', 'jpg', '', NULL, NULL, 'guest', NULL, NULL, '2019-07-22 19:16:24', '2019-07-22 19:16:24', 82, 1),
(1744, 'img_7520 - copie.jpg', 'image/jpeg', 'jpg', '', NULL, NULL, 'guest', NULL, NULL, '2019-07-22 19:16:24', '2019-07-22 19:16:24', 82, 1),
(1745, 'img_7521 - copie.jpg', 'image/jpeg', 'jpg', '', NULL, NULL, 'guest', NULL, NULL, '2019-07-22 19:16:24', '2019-07-22 19:16:24', 82, 1),
(1747, 'img_7529 - copie.jpg', 'image/jpeg', 'jpg', '', NULL, NULL, 'guest', NULL, NULL, '2019-07-22 19:16:24', '2019-07-22 19:16:24', 82, 1),
(1748, 'img_7552 - copie.jpg', 'image/jpeg', 'jpg', '', NULL, NULL, 'guest', NULL, NULL, '2019-07-22 19:16:24', '2019-07-22 19:16:24', 82, 1),
(1750, 'img_7554 - copie.jpg', 'image/jpeg', 'jpg', '', NULL, NULL, 'guest', NULL, NULL, '2019-07-22 19:16:24', '2019-07-22 19:16:24', 82, 1),
(1752, 'img_7556 - copie.jpg', 'image/jpeg', 'jpg', '', NULL, NULL, 'guest', NULL, NULL, '2019-07-22 19:16:24', '2019-07-22 19:16:24', 82, 1),
(1755, 'img_9086.jpg', 'image/jpeg', 'jpg', '', NULL, NULL, 'guest', NULL, NULL, '2019-07-22 19:16:24', '2019-07-22 19:16:24', 83, 1),
(1758, '2018-03-05.jpg', 'image/jpeg', 'jpg', '', NULL, NULL, 'guest', NULL, NULL, '2019-07-22 19:16:24', '2019-07-22 19:16:24', 99, 1),
(1759, 'ines2 - r.1.jpg', 'image/jpeg', 'jpg', '', NULL, NULL, 'guest', NULL, NULL, '2019-07-22 19:16:25', '2019-07-22 19:16:25', 196, 1),
(1760, '2018-03-05.jpg', 'image/jpeg', 'jpg', '', NULL, NULL, 'guest', NULL, NULL, '2019-07-22 19:16:25', '2019-07-22 19:16:25', 197, 1),
(1762, 'ines2 - r.3.jpg', 'image/jpeg', 'jpg', '', NULL, NULL, 'guest', NULL, NULL, '2019-07-22 19:16:25', '2019-07-22 19:16:25', 198, 1),
(1763, '2018-03-05.jpg', 'image/jpeg', 'jpg', '', NULL, NULL, 'guest', NULL, NULL, '2019-07-22 19:16:25', '2019-07-22 19:16:25', 199, 1);
INSERT INTO `libraries` (`id`, `library_media_name`, `library_media_type`, `library_media_extension`, `library_media_param`, `library_media_order`, `library_media_size`, `library_media_resource`, `library_media_url`, `library_media_hash`, `createdAt`, `updatedAt`, `LibrarycategoryId`, `UserId`) VALUES
(1764, 'ines2 - 1.1.jpg', 'image/jpeg', 'jpg', '', NULL, NULL, 'guest', NULL, NULL, '2019-07-22 19:16:25', '2019-07-22 19:16:25', 200, 1),
(1765, 'ines2 - 1.2.jpg', 'image/jpeg', 'jpg', '', NULL, NULL, 'guest', NULL, NULL, '2019-07-22 19:16:25', '2019-07-22 19:16:25', 201, 1),
(1766, 'ines2 - 1.3.jpg', 'image/jpeg', 'jpg', '', NULL, NULL, 'guest', NULL, NULL, '2019-07-22 19:16:25', '2019-07-22 19:16:25', 202, 1),
(1767, 'ines2 - 1.4.jpg', 'image/jpeg', 'jpg', '', NULL, NULL, 'guest', NULL, NULL, '2019-07-22 19:16:25', '2019-07-22 19:16:25', 203, 1),
(1768, 'ines2 - 2.1.jpg', 'image/jpeg', 'jpg', '', NULL, NULL, 'guest', NULL, NULL, '2019-07-22 19:16:25', '2019-07-22 19:16:25', 204, 1),
(1769, 'ines2 - 2.2.jpg', 'image/jpeg', 'jpg', '', NULL, NULL, 'guest', NULL, NULL, '2019-07-22 19:16:25', '2019-07-22 19:16:25', 205, 1),
(1770, 'ines2 - 2.3.jpg', 'image/jpeg', 'jpg', '', NULL, NULL, 'guest', NULL, NULL, '2019-07-22 19:16:25', '2019-07-22 19:16:25', 206, 1),
(1771, 'ines2 - 2.4.jpg', 'image/jpeg', 'jpg', '', NULL, NULL, 'guest', NULL, NULL, '2019-07-22 19:16:25', '2019-07-22 19:16:25', 207, 1),
(1772, 'ines2 - 3.1.jpg', 'image/jpeg', 'jpg', '', NULL, NULL, 'guest', NULL, NULL, '2019-07-22 19:16:25', '2019-07-22 19:16:25', 208, 1),
(1773, 'ines2 - 3.2.jpg', 'image/jpeg', 'jpg', '', NULL, NULL, 'guest', NULL, NULL, '2019-07-22 19:16:25', '2019-07-22 19:16:25', 209, 1),
(1776, 'cahier des charges 1 chambre.doc', 'application/vnd.openxmlformats', 'doc', 'documents', NULL, NULL, 'guest', NULL, NULL, '2019-07-22 19:16:24', '2019-07-22 19:16:24', 99, 1),
(1777, 'cahier des charges 2 chambres.doc', 'application/vnd.openxmlformats', 'doc', 'documents', NULL, NULL, 'guest', NULL, NULL, '2019-07-22 19:16:24', '2019-07-22 19:16:24', 99, 1),
(1778, '2.2 21.u imoges steenk - plan 2ème étage.pdf', 'application/pdf', 'pdf', 'documents', NULL, NULL, 'guest', NULL, NULL, '2019-07-22 19:16:24', '2019-07-22 19:16:24', 99, 1),
(1779, 'plan  3ème étage penthouse 3.2.pdf', 'application/pdf', 'pdf', 'documents', NULL, NULL, 'guest', NULL, NULL, '2019-07-22 19:16:24', '2019-07-22 19:16:24', 99, 1),
(1780, 'plan 1 ère étage.pdf', 'application/pdf', 'pdf', 'documents', NULL, NULL, 'guest', NULL, NULL, '2019-07-22 19:16:24', '2019-07-22 19:16:24', 99, 1),
(1781, 'plan 2ème étage et 3ème étage + coupe.pdf', 'application/pdf', 'pdf', 'documents', NULL, NULL, 'guest', NULL, NULL, '2019-07-22 19:16:24', '2019-07-22 19:16:24', 99, 1),
(1782, 'plan 2ème étage.pdf', 'application/pdf', 'pdf', 'documents', NULL, NULL, 'guest', NULL, NULL, '2019-07-22 19:16:24', '2019-07-22 19:16:24', 99, 1),
(1783, 'plan rez  .pdf', 'application/pdf', 'pdf', 'documents', NULL, NULL, 'guest', NULL, NULL, '2019-07-22 19:16:24', '2019-07-22 19:16:24', 99, 1),
(1784, 'plan sous-sol ;rez ; 1 ére étage.pdf', 'application/pdf', 'pdf', 'documents', NULL, NULL, 'guest', NULL, NULL, '2019-07-22 19:16:24', '2019-07-22 19:16:24', 99, 1),
(1785, 'plan sous-sol.pdf', 'application/pdf', 'pdf', 'documents', NULL, NULL, 'guest', NULL, NULL, '2019-07-22 19:16:24', '2019-07-22 19:16:24', 99, 1),
(1786, 'plan3ème étage penthouse 3.1.pdf', 'application/pdf', 'pdf', 'documents', NULL, NULL, 'guest', NULL, NULL, '2019-07-22 19:16:24', '2019-07-22 19:16:24', 99, 1),
(1787, 'ines2 - 3.2.jpg', 'image/jpeg', 'jpg', '', NULL, NULL, 'guest', NULL, NULL, '2019-07-22 19:16:25', '2019-07-22 19:16:25', 209, 1),
(1788, 'ines2 - r.4.jpg', 'image/jpeg', 'jpg', '', NULL, NULL, 'guest', NULL, NULL, '2019-07-22 19:16:25', '2019-07-22 19:16:25', 199, 1),
(1789, 'shot-01-web.jpg', 'image/jpeg', 'jpg', '', NULL, NULL, 'guest', NULL, NULL, '2019-07-22 19:16:24', '2019-07-22 19:16:24', 86, 1),
(1790, 'shot-02-web.jpg', 'image/jpeg', 'jpg', '', NULL, NULL, 'guest', NULL, NULL, '2019-07-22 19:16:24', '2019-07-22 19:16:24', 86, 1),
(1791, 'shot-03-web.jpg', 'image/jpeg', 'jpg', '', NULL, NULL, 'guest', NULL, NULL, '2019-07-22 19:16:24', '2019-07-22 19:16:24', 86, 1),
(1792, 'shot-04-web.jpg', 'image/jpeg', 'jpg', '', NULL, NULL, 'guest', NULL, NULL, '2019-07-22 19:16:24', '2019-07-22 19:16:24', 86, 1),
(1793, 'shot-06-web.jpg', 'image/jpeg', 'jpg', '', NULL, NULL, 'guest', NULL, NULL, '2019-07-22 19:16:24', '2019-07-22 19:16:24', 86, 1),
(1794, 'shot-06-web.jpg', 'image/jpeg', 'jpg', '', NULL, NULL, 'guest', NULL, NULL, '2019-07-22 19:16:24', '2019-07-22 19:16:24', 99, 1),
(1795, 'img_9569.jpg', 'image/jpeg', 'jpg', '', NULL, NULL, 'guest', NULL, NULL, '2019-07-22 19:16:24', '2019-07-22 19:16:24', 96, 1),
(1796, 'img_9571.jpg', 'image/jpeg', 'jpg', '', NULL, NULL, 'guest', NULL, NULL, '2019-07-22 19:16:24', '2019-07-22 19:16:24', 83, 1),
(1797, 'img_9563.jpg', 'image/jpeg', 'jpg', '', NULL, NULL, 'guest', NULL, NULL, '2019-07-22 19:16:24', '2019-07-22 19:16:24', 83, 1),
(1798, 'img_9564.jpg', 'image/jpeg', 'jpg', '', NULL, NULL, 'guest', NULL, NULL, '2019-07-22 19:16:24', '2019-07-22 19:16:24', 83, 1),
(1799, 'img_9565.jpg', 'image/jpeg', 'jpg', '', NULL, NULL, 'guest', NULL, NULL, '2019-07-22 19:16:24', '2019-07-22 19:16:24', 83, 1),
(1800, 'img_9567.jpg', 'image/jpeg', 'jpg', '', NULL, NULL, 'guest', NULL, NULL, '2019-07-22 19:16:24', '2019-07-22 19:16:24', 83, 1),
(1801, 'img_9569.jpg', 'image/jpeg', 'jpg', '', NULL, NULL, 'guest', NULL, NULL, '2019-07-22 19:16:24', '2019-07-22 19:16:24', 83, 1),
(1802, 'img_9570.jpg', 'image/jpeg', 'jpg', '', NULL, NULL, 'guest', NULL, NULL, '2019-07-22 19:16:24', '2019-07-22 19:16:24', 83, 1),
(1803, 'shot-08-web.jpg', 'image/jpeg', 'jpg', '', NULL, NULL, 'guest', NULL, NULL, '2019-07-22 19:16:24', '2019-07-22 19:16:24', 86, 1),
(1804, 'shot-09-web.jpg', 'image/jpeg', 'jpg', '', NULL, NULL, 'guest', NULL, NULL, '2019-07-22 19:16:24', '2019-07-22 19:16:24', 86, 1),
(1806, 'shot-11-web.jpg', 'image/jpeg', 'jpg', '', NULL, NULL, 'guest', NULL, NULL, '2019-07-22 19:16:24', '2019-07-22 19:16:24', 86, 1);

-- --------------------------------------------------------

--
-- Structure de la table `librarycategories`
--

CREATE TABLE `librarycategories` (
  `id` int(11) NOT NULL,
  `Library_category_label` varchar(100) DEFAULT NULL,
  `library_category_table_name` varchar(30) DEFAULT NULL,
  `library_category_table_id` int(11) DEFAULT NULL,
  `library_category_order` int(11) DEFAULT '0',
  `createdAt` datetime NOT NULL,
  `updatedAt` datetime NOT NULL
) ENGINE=InnoDB DEFAULT CHARSET=utf8mb4;

--
-- Contenu de la table `librarycategories`
--

INSERT INTO `librarycategories` (`id`, `Library_category_label`, `library_category_table_name`, `library_category_table_id`, `library_category_order`, `createdAt`, `updatedAt`) VALUES
(1, 'General', 'Projects', 1, 0, '2019-07-22 19:16:22', '2019-07-22 19:16:22'),
(3, 'Interieur', 'Projects', 1, 0, '2019-07-22 19:16:22', '2019-07-22 19:16:22'),
(4, 'Chantier', 'Projects', 1, 0, '2019-07-22 19:16:22', '2019-07-22 19:16:22'),
(40, 'Images de synthese', 'Projects', 13, 0, '2019-07-22 19:16:22', '2019-07-22 19:16:22'),
(53, 'Resisdence', 'Projects', 13, 0, '2019-07-22 19:16:22', '2019-07-22 19:16:22'),
(57, 'Construction', 'Projects', 13, 0, '2019-07-22 19:16:22', '2019-07-22 19:16:22'),
(58, 'Vues 3d', 'Projects', 22, 0, '2019-07-22 19:16:22', '2019-07-22 19:16:22'),
(60, 'Exterieur ', 'Projects', 23, 0, '2019-07-22 19:16:22', '2019-07-22 19:16:22'),
(61, 'Interieur ', 'Projects', 23, 0, '2019-07-22 19:16:22', '2019-07-22 19:16:22'),
(64, 'plans', 'Projects', 22, 0, '2019-07-22 19:16:22', '2019-07-22 19:16:22'),
(65, 'Construction', 'Projects', 22, 0, '2019-07-22 19:16:22', '2019-07-22 19:16:22'),
(68, 'construction', 'Projects', 14, 0, '2019-07-22 19:16:22', '2019-07-22 19:16:22'),
(70, 'construction', 'Projects', 14, 0, '2019-07-22 19:16:22', '2019-07-22 19:16:22'),
(71, 'VUES 3D', 'Projects', 25, 0, '2019-07-22 19:16:22', '2019-07-22 19:16:22'),
(72, 'CONSTRUCTION', 'Projects', 25, 0, '2019-07-22 19:16:22', '2019-07-22 19:16:22'),
(75, 'CONSTRUCTION', 'Projects', 26, 0, '2019-07-22 19:16:22', '2019-07-22 19:16:22'),
(77, 'CONSTRUCTION', 'Projects', 27, 0, '2019-07-22 19:16:22', '2019-07-22 19:16:22'),
(78, 'LES ALENTOURS', 'Projects', 27, 0, '2019-07-22 19:16:22', '2019-07-22 19:16:22'),
(79, '3D ', 'Projects', 28, 0, '2019-07-22 19:16:22', '2019-07-22 19:16:22'),
(80, 'VUES 3D ', 'Projects', 29, 0, '2019-07-22 19:16:22', '2019-07-22 19:16:22'),
(81, 'SITUATION', 'Projects', 29, 0, '2019-07-22 19:16:22', '2019-07-22 19:16:22'),
(82, 'CONSTRUCTION', 'Projects', 28, 0, '2019-07-22 19:16:22', '2019-07-22 19:16:22'),
(83, 'CONSTRUCTION', 'Projects', 29, 0, '2019-07-22 19:16:22', '2019-07-22 19:16:22'),
(84, '3D', 'Projects', 30, 0, '2019-07-22 19:16:22', '2019-07-22 19:16:22'),
(85, '3D', 'Projects', 31, 0, '2019-07-22 19:16:22', '2019-07-22 19:16:22'),
(86, '3D', 'Projects', 32, 0, '2019-07-22 19:16:22', '2019-07-22 19:16:22'),
(87, 'default', 'Projects', 1, 0, '2019-07-22 19:16:22', '2019-07-22 19:16:22'),
(88, 'default', 'Projects', 13, 0, '2019-07-22 19:16:22', '2019-07-22 19:16:22'),
(89, 'default', 'Projects', 14, 0, '2019-07-22 19:16:22', '2019-07-22 19:16:22'),
(90, 'default', 'Projects', 22, 0, '2019-07-22 19:16:22', '2019-07-22 19:16:22'),
(91, 'default', 'Projects', 23, 0, '2019-07-22 19:16:23', '2019-07-22 19:16:23'),
(92, 'default', 'Projects', 25, 0, '2019-07-22 19:16:23', '2019-07-22 19:16:23'),
(93, 'default', 'Projects', 26, 0, '2019-07-22 19:16:23', '2019-07-22 19:16:23'),
(94, 'default', 'Projects', 27, 0, '2019-07-22 19:16:23', '2019-07-22 19:16:23'),
(95, 'default', 'Projects', 28, 0, '2019-07-22 19:16:24', '2019-07-22 19:16:24'),
(96, 'default', 'Projects', 29, 0, '2019-07-22 19:16:24', '2019-07-22 19:16:24'),
(97, 'default', 'Projects', 30, 0, '2019-07-22 19:16:24', '2019-07-22 19:16:24'),
(98, 'default', 'Projects', 31, 0, '2019-07-22 19:16:24', '2019-07-22 19:16:24'),
(99, 'default', 'Projects', 32, 0, '2019-07-22 19:16:24', '2019-07-22 19:16:24'),
(100, 'default', 'Realties', 54, 0, '2019-07-22 19:16:24', '2019-07-22 19:16:24'),
(101, 'default', 'Realties', 112, 0, '2019-07-22 19:16:24', '2019-07-22 19:16:24'),
(102, 'default', 'Realties', 118, 0, '2019-07-22 19:16:24', '2019-07-22 19:16:24'),
(103, 'default', 'Realties', 119, 0, '2019-07-22 19:16:24', '2019-07-22 19:16:24'),
(104, 'default', 'Realties', 120, 0, '2019-07-22 19:16:24', '2019-07-22 19:16:24'),
(105, 'default', 'Realties', 121, 0, '2019-07-22 19:16:24', '2019-07-22 19:16:24'),
(106, 'default', 'Realties', 122, 0, '2019-07-22 19:16:24', '2019-07-22 19:16:24'),
(107, 'default', 'Realties', 123, 0, '2019-07-22 19:16:24', '2019-07-22 19:16:24'),
(108, 'default', 'Realties', 124, 0, '2019-07-22 19:16:24', '2019-07-22 19:16:24'),
(109, 'default', 'Realties', 125, 0, '2019-07-22 19:16:24', '2019-07-22 19:16:24'),
(110, 'default', 'Realties', 126, 0, '2019-07-22 19:16:24', '2019-07-22 19:16:24'),
(111, 'default', 'Realties', 127, 0, '2019-07-22 19:16:24', '2019-07-22 19:16:24'),
(112, 'default', 'Realties', 128, 0, '2019-07-22 19:16:24', '2019-07-22 19:16:24'),
(113, 'default', 'Realties', 129, 0, '2019-07-22 19:16:24', '2019-07-22 19:16:24'),
(114, 'default', 'Realties', 130, 0, '2019-07-22 19:16:24', '2019-07-22 19:16:24'),
(115, 'default', 'Realties', 131, 0, '2019-07-22 19:16:24', '2019-07-22 19:16:24'),
(116, 'default', 'Realties', 133, 0, '2019-07-22 19:16:24', '2019-07-22 19:16:24'),
(117, 'default', 'Realties', 134, 0, '2019-07-22 19:16:24', '2019-07-22 19:16:24'),
(118, 'default', 'Realties', 135, 0, '2019-07-22 19:16:24', '2019-07-22 19:16:24'),
(119, 'default', 'Realties', 136, 0, '2019-07-22 19:16:24', '2019-07-22 19:16:24'),
(120, 'default', 'Realties', 147, 0, '2019-07-22 19:16:24', '2019-07-22 19:16:24'),
(121, 'default', 'Realties', 148, 0, '2019-07-22 19:16:24', '2019-07-22 19:16:24'),
(122, 'default', 'Realties', 149, 0, '2019-07-22 19:16:24', '2019-07-22 19:16:24'),
(123, 'default', 'Realties', 150, 0, '2019-07-22 19:16:24', '2019-07-22 19:16:24'),
(124, 'default', 'Realties', 151, 0, '2019-07-22 19:16:24', '2019-07-22 19:16:24'),
(125, 'default', 'Realties', 152, 0, '2019-07-22 19:16:24', '2019-07-22 19:16:24'),
(126, 'default', 'Realties', 153, 0, '2019-07-22 19:16:24', '2019-07-22 19:16:24'),
(127, 'default', 'Realties', 154, 0, '2019-07-22 19:16:24', '2019-07-22 19:16:24'),
(128, 'default', 'Realties', 155, 0, '2019-07-22 19:16:24', '2019-07-22 19:16:24'),
(129, 'default', 'Realties', 156, 0, '2019-07-22 19:16:24', '2019-07-22 19:16:24'),
(130, 'default', 'Realties', 157, 0, '2019-07-22 19:16:24', '2019-07-22 19:16:24'),
(131, 'default', 'Realties', 158, 0, '2019-07-22 19:16:24', '2019-07-22 19:16:24'),
(132, 'default', 'Realties', 159, 0, '2019-07-22 19:16:24', '2019-07-22 19:16:24'),
(133, 'default', 'Realties', 160, 0, '2019-07-22 19:16:24', '2019-07-22 19:16:24'),
(134, 'default', 'Realties', 161, 0, '2019-07-22 19:16:24', '2019-07-22 19:16:24'),
(135, 'default', 'Realties', 162, 0, '2019-07-22 19:16:24', '2019-07-22 19:16:24'),
(136, 'default', 'Realties', 163, 0, '2019-07-22 19:16:24', '2019-07-22 19:16:24'),
(137, 'default', 'Realties', 164, 0, '2019-07-22 19:16:24', '2019-07-22 19:16:24'),
(138, 'default', 'Realties', 165, 0, '2019-07-22 19:16:24', '2019-07-22 19:16:24'),
(139, 'default', 'Realties', 167, 0, '2019-07-22 19:16:24', '2019-07-22 19:16:24'),
(140, 'default', 'Realties', 168, 0, '2019-07-22 19:16:24', '2019-07-22 19:16:24'),
(141, 'default', 'Realties', 169, 0, '2019-07-22 19:16:24', '2019-07-22 19:16:24'),
(142, 'default', 'Realties', 170, 0, '2019-07-22 19:16:24', '2019-07-22 19:16:24'),
(143, 'default', 'Realties', 172, 0, '2019-07-22 19:16:24', '2019-07-22 19:16:24'),
(144, 'default', 'Realties', 174, 0, '2019-07-22 19:16:24', '2019-07-22 19:16:24'),
(145, 'default', 'Realties', 175, 0, '2019-07-22 19:16:24', '2019-07-22 19:16:24'),
(146, 'default', 'Realties', 176, 0, '2019-07-22 19:16:24', '2019-07-22 19:16:24'),
(147, 'default', 'Realties', 177, 0, '2019-07-22 19:16:24', '2019-07-22 19:16:24'),
(148, 'default', 'Realties', 180, 0, '2019-07-22 19:16:24', '2019-07-22 19:16:24'),
(149, 'default', 'Realties', 183, 0, '2019-07-22 19:16:24', '2019-07-22 19:16:24'),
(150, 'default', 'Realties', 184, 0, '2019-07-22 19:16:24', '2019-07-22 19:16:24'),
(151, 'default', 'Realties', 185, 0, '2019-07-22 19:16:24', '2019-07-22 19:16:24'),
(152, 'default', 'Realties', 186, 0, '2019-07-22 19:16:24', '2019-07-22 19:16:24'),
(153, 'default', 'Realties', 189, 0, '2019-07-22 19:16:24', '2019-07-22 19:16:24'),
(154, 'default', 'Realties', 190, 0, '2019-07-22 19:16:24', '2019-07-22 19:16:24'),
(155, 'default', 'Realties', 192, 0, '2019-07-22 19:16:24', '2019-07-22 19:16:24'),
(156, 'default', 'Realties', 193, 0, '2019-07-22 19:16:24', '2019-07-22 19:16:24'),
(157, 'default', 'Realties', 194, 0, '2019-07-22 19:16:24', '2019-07-22 19:16:24'),
(158, 'default', 'Realties', 195, 0, '2019-07-22 19:16:24', '2019-07-22 19:16:24'),
(159, 'default', 'Realties', 196, 0, '2019-07-22 19:16:24', '2019-07-22 19:16:24'),
(160, 'default', 'Realties', 197, 0, '2019-07-22 19:16:24', '2019-07-22 19:16:24'),
(161, 'default', 'Realties', 198, 0, '2019-07-22 19:16:24', '2019-07-22 19:16:24'),
(162, 'default', 'Realties', 199, 0, '2019-07-22 19:16:24', '2019-07-22 19:16:24'),
(163, 'default', 'Realties', 200, 0, '2019-07-22 19:16:24', '2019-07-22 19:16:24'),
(164, 'default', 'Realties', 201, 0, '2019-07-22 19:16:24', '2019-07-22 19:16:24'),
(165, 'default', 'Realties', 202, 0, '2019-07-22 19:16:24', '2019-07-22 19:16:24'),
(166, 'default', 'Realties', 203, 0, '2019-07-22 19:16:24', '2019-07-22 19:16:24'),
(167, 'default', 'Realties', 204, 0, '2019-07-22 19:16:24', '2019-07-22 19:16:24'),
(168, 'default', 'Realties', 205, 0, '2019-07-22 19:16:25', '2019-07-22 19:16:25'),
(169, 'default', 'Realties', 206, 0, '2019-07-22 19:16:25', '2019-07-22 19:16:25'),
(170, 'default', 'Realties', 207, 0, '2019-07-22 19:16:25', '2019-07-22 19:16:25'),
(171, 'default', 'Realties', 208, 0, '2019-07-22 19:16:25', '2019-07-22 19:16:25'),
(172, 'default', 'Realties', 209, 0, '2019-07-22 19:16:25', '2019-07-22 19:16:25'),
(173, 'default', 'Realties', 210, 0, '2019-07-22 19:16:25', '2019-07-22 19:16:25'),
(174, 'default', 'Realties', 212, 0, '2019-07-22 19:16:25', '2019-07-22 19:16:25'),
(175, 'default', 'Realties', 213, 0, '2019-07-22 19:16:25', '2019-07-22 19:16:25'),
(176, 'default', 'Realties', 214, 0, '2019-07-22 19:16:25', '2019-07-22 19:16:25'),
(177, 'default', 'Realties', 215, 0, '2019-07-22 19:16:25', '2019-07-22 19:16:25'),
(178, 'default', 'Realties', 216, 0, '2019-07-22 19:16:25', '2019-07-22 19:16:25'),
(179, 'default', 'Realties', 217, 0, '2019-07-22 19:16:25', '2019-07-22 19:16:25'),
(180, 'default', 'Realties', 218, 0, '2019-07-22 19:16:25', '2019-07-22 19:16:25'),
(181, 'default', 'Realties', 219, 0, '2019-07-22 19:16:25', '2019-07-22 19:16:25'),
(182, 'default', 'Realties', 220, 0, '2019-07-22 19:16:25', '2019-07-22 19:16:25'),
(183, 'default', 'Realties', 221, 0, '2019-07-22 19:16:25', '2019-07-22 19:16:25'),
(184, 'default', 'Realties', 222, 0, '2019-07-22 19:16:25', '2019-07-22 19:16:25'),
(185, 'default', 'Realties', 223, 0, '2019-07-22 19:16:25', '2019-07-22 19:16:25'),
(186, 'default', 'Realties', 224, 0, '2019-07-22 19:16:25', '2019-07-22 19:16:25'),
(187, 'default', 'Realties', 225, 0, '2019-07-22 19:16:25', '2019-07-22 19:16:25'),
(188, 'default', 'Realties', 226, 0, '2019-07-22 19:16:25', '2019-07-22 19:16:25'),
(189, 'default', 'Realties', 227, 0, '2019-07-22 19:16:25', '2019-07-22 19:16:25'),
(190, 'default', 'Realties', 228, 0, '2019-07-22 19:16:25', '2019-07-22 19:16:25'),
(191, 'default', 'Realties', 229, 0, '2019-07-22 19:16:25', '2019-07-22 19:16:25'),
(192, 'default', 'Realties', 230, 0, '2019-07-22 19:16:25', '2019-07-22 19:16:25'),
(193, 'default', 'Realties', 231, 0, '2019-07-22 19:16:25', '2019-07-22 19:16:25'),
(194, 'default', 'Realties', 232, 0, '2019-07-22 19:16:25', '2019-07-22 19:16:25'),
(195, 'default', 'Realties', 233, 0, '2019-07-22 19:16:25', '2019-07-22 19:16:25'),
(196, 'default', 'Realties', 234, 0, '2019-07-22 19:16:25', '2019-07-22 19:16:25'),
(197, 'default', 'Realties', 235, 0, '2019-07-22 19:16:25', '2019-07-22 19:16:25'),
(198, 'default', 'Realties', 236, 0, '2019-07-22 19:16:25', '2019-07-22 19:16:25'),
(199, 'default', 'Realties', 237, 0, '2019-07-22 19:16:25', '2019-07-22 19:16:25'),
(200, 'default', 'Realties', 238, 0, '2019-07-22 19:16:25', '2019-07-22 19:16:25'),
(201, 'default', 'Realties', 239, 0, '2019-07-22 19:16:25', '2019-07-22 19:16:25'),
(202, 'default', 'Realties', 240, 0, '2019-07-22 19:16:25', '2019-07-22 19:16:25'),
(203, 'default', 'Realties', 241, 0, '2019-07-22 19:16:25', '2019-07-22 19:16:25'),
(204, 'default', 'Realties', 242, 0, '2019-07-22 19:16:25', '2019-07-22 19:16:25'),
(205, 'default', 'Realties', 243, 0, '2019-07-22 19:16:25', '2019-07-22 19:16:25'),
(206, 'default', 'Realties', 244, 0, '2019-07-22 19:16:25', '2019-07-22 19:16:25'),
(207, 'default', 'Realties', 245, 0, '2019-07-22 19:16:25', '2019-07-22 19:16:25'),
(208, 'default', 'Realties', 246, 0, '2019-07-22 19:16:25', '2019-07-22 19:16:25'),
(209, 'default', 'Realties', 247, 0, '2019-07-22 19:16:25', '2019-07-22 19:16:25');

-- --------------------------------------------------------

--
-- Structure de la table `phases`
--

CREATE TABLE `phases` (
  `id` int(11) NOT NULL,
  `title` varchar(255) NOT NULL,
  `createdAt` datetime NOT NULL,
  `updatedAt` datetime NOT NULL
) ENGINE=InnoDB DEFAULT CHARSET=utf8mb4;

--
-- Contenu de la table `phases`
--

INSERT INTO `phases` (`id`, `title`, `createdAt`, `updatedAt`) VALUES
(1, 'Fondations', '2018-05-02 18:54:37', '2018-05-02 18:54:37'),
(31, 'Gros-œuvre', '2018-05-09 00:47:48', '2018-05-09 00:47:48'),
(32, 'Toiture', '2018-05-09 00:48:11', '2018-05-09 00:48:11'),
(33, 'Finitions', '2018-05-09 00:48:16', '2018-05-09 00:48:16'),
(34, 'Terminé', '2018-05-09 00:48:20', '2018-05-09 00:48:20');

-- --------------------------------------------------------

--
-- Structure de la table `projects`
--

CREATE TABLE `projects` (
  `id` int(11) NOT NULL,
  `project_title` varchar(255) NOT NULL,
  `project_ref` text,
  `project_facade_number` int(11) DEFAULT NULL,
  `project_cadastral_income` decimal(5,2) DEFAULT NULL,
  `project_charges` decimal(5,2) DEFAULT NULL,
  `project_creation_date` datetime DEFAULT NULL,
  `project_start_build_date` datetime DEFAULT NULL,
  `project_end_build_date` datetime DEFAULT NULL,
  `project_start_diffusion_date` datetime DEFAULT NULL,
  `project_short_description` text,
  `project_long_description` text,
  `project_address` text,
  `project_city` text,
  `project_pc` text,
  `project_state` text,
  `project_country` varchar(2) DEFAULT NULL,
  `project_active_online` tinyint(1) DEFAULT '0',
  `project_actual_phase` int(11) DEFAULT '0',
  `project_lat` varchar(255) DEFAULT NULL,
  `project_long` varchar(255) DEFAULT NULL,
  `project_status` int(11) NOT NULL DEFAULT '1',
  `project_environment_type` varchar(2) DEFAULT NULL,
  `project_terrain_size` int(11) DEFAULT NULL,
  `project_parking_in_number` int(11) DEFAULT NULL,
  `project_parking_out_number` int(11) DEFAULT NULL,
  `project_floor_number` int(11) DEFAULT NULL,
  `project_handicapped_access` tinyint(1) DEFAULT NULL,
  `project_lift` tinyint(1) DEFAULT NULL,
  `project_concierge` tinyint(1) DEFAULT NULL,
  `project_peb` int(11) DEFAULT NULL,
  `project_heating_type` varchar(1) DEFAULT NULL,
  `project_energy_consumption` decimal(4,2) DEFAULT NULL,
  `project_CO2_emission` decimal(4,2) DEFAULT NULL,
  `project_air_conditioning` tinyint(1) DEFAULT NULL,
  `project_heat_pump` tinyint(1) DEFAULT NULL,
  `project_double_glazing` tinyint(1) DEFAULT NULL,
  `project_PV` tinyint(1) DEFAULT NULL,
  `project_distance_schools` int(11) DEFAULT NULL,
  `project_distance_shops` int(11) DEFAULT NULL,
  `project_distance_transports` int(11) DEFAULT NULL,
  `createdAt` datetime NOT NULL,
  `updatedAt` datetime NOT NULL,
  `ProjecttypeId` int(11) DEFAULT NULL
) ENGINE=InnoDB DEFAULT CHARSET=utf8mb4;

--
-- Contenu de la table `projects`
--

INSERT INTO `projects` (`id`, `project_title`, `project_ref`, `project_facade_number`, `project_cadastral_income`, `project_charges`, `project_creation_date`, `project_start_build_date`, `project_end_build_date`, `project_start_diffusion_date`, `project_short_description`, `project_long_description`, `project_address`, `project_city`, `project_pc`, `project_state`, `project_country`, `project_active_online`, `project_actual_phase`, `project_lat`, `project_long`, `project_status`, `project_environment_type`, `project_terrain_size`, `project_parking_in_number`, `project_parking_out_number`, `project_floor_number`, `project_handicapped_access`, `project_lift`, `project_concierge`, `project_peb`, `project_heating_type`, `project_energy_consumption`, `project_CO2_emission`, `project_air_conditioning`, `project_heat_pump`, `project_double_glazing`, `project_PV`, `project_distance_schools`, `project_distance_shops`, `project_distance_transports`, `createdAt`, `updatedAt`, `ProjecttypeId`) VALUES
(1, 'Green Park ', NULL, NULL, NULL, NULL, NULL, '2006-02-15 00:00:00', '2007-06-30 00:00:00', NULL, NULL, 'Résidence " GREEN PARK " , composée de 16 appartements haut de gamme,plein centre de la commune , architecture contemporaine.', 'Rue des Digues 9a & 9b', 'Ecaussines', '7190', 'Hainaut', NULL, 0, 34, '50.56681600897844', '4.16819238974914', 1, NULL, NULL, NULL, NULL, NULL, NULL, NULL, NULL, NULL, NULL, NULL, NULL, NULL, NULL, NULL, NULL, NULL, NULL, NULL, '2019-07-22 19:12:19', '2019-07-22 19:12:19', 1),
(13, 'Résidence MARIE ', NULL, NULL, NULL, NULL, NULL, '2009-01-15 00:00:00', '2009-11-28 00:00:00', NULL, NULL, 'La Résidence "Marie" est une résidence composée de 8 appartements.d\'une architecture riche et contemporiane, elle se positionne comme un exemple d\'intégration, les lignes apurées lui donne tout l\'élégance et la finesse d\'une construction en phase avec son temps.', 'Rue A.Mary 6d', 'Ecaussinnes', '7190', 'Hainaut', NULL, 0, 34, '50.56230878838037', '4.14962454536894', 1, NULL, NULL, NULL, NULL, NULL, NULL, NULL, NULL, NULL, NULL, NULL, NULL, NULL, NULL, NULL, NULL, NULL, NULL, NULL, '2019-07-22 19:12:19', '2019-07-22 19:12:19', 1),
(14, 'Les jardins d\'Ecaussinnes', NULL, NULL, NULL, NULL, NULL, '2010-08-09 00:00:00', '2011-12-31 00:00:00', NULL, NULL, 'Situé à quelques pas du centre et des jardins du Château fort, nous vous proposons une résidence à appartements contemporains bénéficiant de tout le confort & le standing pour nos clients les plus exigeants, agrémentés de grandes terrasses profitant d\'une orientation sud, sud est, finitions personnalisables,très lumineux ou il fera bon vivre. Une attention toute particulière à été apportée à l\'isolation acoustique & thermique, chaudière au gaz individuelle à haut rendement, construction en basse énergie; faible consommation énergétique, panneaux photovoltaïques, les rez de chaussées profitent d\'un jardin privatif, COUP DE CŒUR ASSURE, contact au 0475/436.416, site www.imoges.be', 'Rue du Daim ', 'Ecaussinnes', '7190', 'Hainaut ', NULL, 0, 34, '50.56668741306997', '4.17020180118866', 1, NULL, NULL, NULL, NULL, NULL, NULL, NULL, NULL, NULL, NULL, NULL, NULL, NULL, NULL, NULL, NULL, NULL, NULL, NULL, '2019-07-22 19:12:19', '2019-07-22 19:12:19', 1),
(22, 'Les Maisons de Marie', NULL, NULL, NULL, NULL, NULL, '2010-10-01 00:00:00', '2011-08-31 00:00:00', NULL, NULL, '"Les maisons de Marie"   MAISON BASSE ENERGIE.\nProjet composé de 5 maisons unifamiliales, de trois chambres avec garage & jardin à faible consomation énergétique grâce à l\'utilisation d\'une isolation renforcée, alliant une architecture contemporaine et créative. A proximité immédiate des noeuds autoroutiers (Bruxelles, Mons, Charleroi, Nivelles ,Tournai, Briane le comte...) des magasins et des moyens de transport tout en profitant du calme du village d\'Ecaussinnes. Prix: de 237.000 €(htva). Construction sous loi Breyne,  Livraison fin aôut 2011.', 'Rue A.Mary', 'Ecaussinnes', '7190', 'Hainnaut', NULL, 0, 34, '50.55420830896313', '4.14675561824648', 1, NULL, NULL, NULL, NULL, NULL, NULL, NULL, NULL, NULL, NULL, NULL, NULL, NULL, NULL, NULL, NULL, NULL, NULL, NULL, '2019-07-22 19:12:19', '2019-07-22 19:12:19', 1),
(23, '5 appartements rue J.JAURES', NULL, NULL, NULL, NULL, NULL, '2008-08-04 00:00:00', '2009-05-29 00:00:00', NULL, NULL, 'Résidence de 5 appartements , dans un style d\'architecture traditionnel ,avec l\'utilisation de pierre bleue en façade avec des sous bassement à l\'ancienne sur une note comptenporaine.', 'Rue J.Jaures 33', 'Ecaussinnes', '7190', 'Hainaut', NULL, 0, 34, '50.56822993106202', '4.16449563862305', 1, NULL, NULL, NULL, NULL, NULL, NULL, NULL, NULL, NULL, NULL, NULL, NULL, NULL, NULL, NULL, NULL, NULL, NULL, NULL, '2019-07-22 19:12:19', '2019-07-22 19:12:19', 1),
(25, 'ALEXANDRE', NULL, NULL, NULL, NULL, NULL, '2012-11-01 00:00:00', '2013-12-01 00:00:00', NULL, NULL, 'Petite résidence composée de 5 appartements de 2 chambres, situation calme, proche de la gare, idéalement situé proche de Bruxelles ( 40 km) , Nivelles , Mons ,Charleroi.\nAppartement plein de charme dans une résidence à l\'architecture audacieuse et contemporaine, séjour très lumineux ,terrasse de 9 m² avec une belle orientation sud ouest . Construction basse énergie, chaudière au gaz haut rendement ,un AVANTAGE sur vos factures énergétiques , isolation acoustique performante, tout confort ,cuisine super équipée , parking en car port et cave en sous sol. COUP DE COEUR ASSURE . CONTACT : 0487/750.306.\nDévourez Ecaussinnes', 'RUE DU ROI ALBERT', 'ECAUSSINNES', '7190', 'HAINAUT', NULL, 0, 34, '50.56349620000000', '4.14908309999998', 1, NULL, NULL, NULL, NULL, NULL, NULL, NULL, NULL, NULL, NULL, NULL, NULL, NULL, NULL, NULL, NULL, NULL, NULL, NULL, '2019-07-22 19:12:19', '2019-07-22 19:12:19', 1),
(26, 'O.Strebelle ', NULL, NULL, NULL, NULL, NULL, '2014-03-01 00:00:00', '2015-09-21 00:00:00', NULL, NULL, 'La résidence « O. Strebelle » à l\'architecture riche et contemporaine . Idéalement située, à deux pas des commerces, de la gare, et des voies de communications. Le projet « O. Strebelle » est avant tout une construction à très faible consommation énergétique , grâce à l\'utilisation de châssis haut de gamme, d\'isolation renforcée ,de chaudière individuelle à condensation ,d\'un système de renouvellement de l\'air par un système double flux, mais également d’une isolation acoustique performante .NOTRE PROJET REPRESENTE UN BEL INVESTISSEMENT SUR L’AVENIR . CONTACT AU 0487/750.306.', 'Rue V.Cuvelier ', 'Ecaussinnes', '7190', 'hainaut', NULL, 0, 34, '50.56518725522914', '4.15010690689087', 1, NULL, NULL, NULL, NULL, NULL, NULL, NULL, NULL, NULL, NULL, NULL, NULL, NULL, NULL, NULL, NULL, NULL, NULL, NULL, '2019-07-22 19:12:19', '2019-07-22 19:12:19', 1),
(27, 'INES', NULL, NULL, NULL, NULL, NULL, '2014-11-30 00:00:00', '2016-02-29 00:00:00', NULL, NULL, 'Votre Appartement en plein cœur de Soignies\nLa résidence « INES  » Située à quelques pas de la Collégiale et de son centre historique repose sur une  architecture riche et contemporaine . Des appartements lumineux avec  des finitions de qualité, le tout dans un environnement calme à proximité de commerces et des transports en commun. La résidence« INES » est une construction à très faible consommation énergétique , isolation renforcée , chaudière individuelle à condensation ,d\'un système de renouvellement de l\'air par un système double flux, mais également d’une isolation acoustique très performante .NOTRE PROJET REPRESENTE UN BEL INVESTISSEMENT SUR L’AVENIR . CONTACT AU 0487/750.306.', 'Rue du Rempart du Vieux Cimetière ', 'Soignies', '7060', 'Hainaut', NULL, 0, 34, '50.58138920000000', '4.07129110000005', 1, NULL, NULL, NULL, NULL, NULL, NULL, NULL, NULL, NULL, NULL, NULL, NULL, NULL, NULL, NULL, NULL, NULL, NULL, NULL, '2019-07-22 19:12:19', '2019-07-22 19:12:19', 1),
(28, 'Les Demoisselles ', NULL, NULL, NULL, NULL, NULL, '2016-12-01 00:00:00', '2018-05-01 00:00:00', NULL, NULL, 'La résidence « Les Demoiselles  » bénéficie d’une situation exceptionnelle, au calme tout en profitant des avantages de la proximité des commerces, écoles, et transports en commun ainsi que des axes routiers. Les alentours permettent d’agréables promenades. Située à 1.5 km du bois de la Houssière,  la résidence « Les Demoiselles » séduira nos acquéreurs les plus exigeants. Agrémentés de grandes terrasses, finitions personnalisables, séjour très lumineux ou il fera bon vivre. Une attention toute particulière a été apportée à l\'isolation acoustique & thermique, chaudière au gaz individuelle à haut rendement, construction en basse énergie; faible consommation énergétique, panneaux photovoltaïques, les rez de chaussées profitent d\'un jardin privatif, COUP DE CŒUR ASSURE, contact au 0487/750.306, VISITE NOTRE PAGE FACEBOOK / https://www.facebook.com/imoges.construction/', 'Rue de L\'Entente', 'Braine Le Comte ', '7090', 'hainaut', NULL, 0, 34, '50.59770381257454', '4.13334846496582', 1, NULL, NULL, NULL, NULL, NULL, NULL, NULL, NULL, NULL, NULL, NULL, NULL, NULL, NULL, NULL, NULL, NULL, NULL, NULL, '2019-07-22 19:12:19', '2019-07-22 19:12:19', 1),
(29, 'ALEXANDRE II', NULL, NULL, NULL, NULL, NULL, '2017-03-01 00:00:00', '2018-06-01 00:00:00', NULL, NULL, 'La résidence " ALEXANDRE II" bénéficie d’une très belle situation, au calme en bordure d’une zone domaniale tout en profitant des avantages de la proximité du centre-ville ainsi que des axes routiers.Le projet a été étudié dans un souci global de développement durable et d\'économie d\'énergie: pompe à chaleur , isolation importante des parois de déperdition et chauffage par le sol (catégorie basse énergie PEB A+).Nous apportons une attention toute particulière à l’isolation acoustique de chacune de nos réalisations. L’aménagement intérieur de nos appartements est réalisé en fonction des demandes formulées par nos clients.CONTACT 0487/750.306. / info@imoges.be\n \n', 'RUE LAURENT-GODEFROID PERNIAUX', 'ECAUSSINNES', '7190', 'HAINAUT', NULL, 0, 1, '50.81423320000000', '4.30373330000000', 1, NULL, NULL, NULL, NULL, NULL, NULL, NULL, NULL, NULL, NULL, NULL, NULL, NULL, NULL, NULL, NULL, NULL, NULL, NULL, '2019-07-22 19:12:19', '2019-07-22 19:12:19', 1),
(30, 'LES MAISONS DE MARIE II', NULL, NULL, NULL, NULL, NULL, '2018-08-01 00:00:00', '2019-10-01 00:00:00', NULL, NULL, 'Les maisons Marie c\'est : de beaux espaces ,une grande luminosité dans l\'ensemble des pièces de vie ,un aménagement fonctionnel, des performances thermiques en label A, belle terrasse ensoleillée (sud-ouest), un cahier des charges rigoureux ,de 3 à 5 chambres, Parking en carport- Un environnement agréable en bordure d’une zone protégée - Proche du centre et des axes routiers (10’ à pied de la gare)- Finitions au choix de l’acquéreur- Accompagnement et suivi de nos clients. Les maisons de Marie vont vous séduire.', 'RUE A.MARY ', 'ECAUSSINNES', '7190', 'HAINAUT', NULL, 0, 1, '50.81423320000000', '4.30373330000000', 1, NULL, NULL, NULL, NULL, NULL, NULL, NULL, NULL, NULL, NULL, NULL, NULL, NULL, NULL, NULL, NULL, NULL, NULL, NULL, '2019-07-22 19:12:19', '2019-07-22 19:12:19', 1),
(31, 'MORGANE', NULL, NULL, NULL, NULL, NULL, '2019-03-01 00:00:00', '2019-09-01 00:00:00', NULL, NULL, 'La résidence « Morgane  » bénéficie d’une situation centrale entre Ecaussinnes et Marche-les-Ecaussinnes, situé à 1.5 km de la gare, des commerces, écoles. Proche des transports en commun .\nLes alentours permettent d’agréables promenades. Située à 1.5 km du bois de la Houssière,la résidence « Morgane » séduira nos acquéreurs les plus exigeants.\n \nLa Résidence « Morgane  » c’est une construction en « BASSE ENERGIE », grâce à l’utilisation d’une isolation renforcée (murs, toitures, vitrages, châssis…), de chaudières individuelles au gaz à haut rendement avec une régulation électronique couplée à une sonde extérieure, ainsi que l’utilisation d’un système double flux.', 'RUE DE L\'AVEDELLE ', 'ECAUSSINNES', '7190', 'HAINAUT', NULL, 0, 1, '50.81423320000000', '4.30373330000000', 1, NULL, NULL, NULL, NULL, NULL, NULL, NULL, NULL, NULL, NULL, NULL, NULL, NULL, NULL, NULL, NULL, NULL, NULL, NULL, '2019-07-22 19:12:19', '2019-07-22 19:12:19', 1),
(32, 'INES II', NULL, NULL, NULL, NULL, NULL, '2019-08-15 00:00:00', '2020-12-15 00:00:00', NULL, NULL, 'La résidence « INES II » et située à un jet de la collégiale et de son centre historique, une situation hors du commun, proche des commerces, d’écoles, des transports en commun ainsi que des axes routiers. Les alentours permettent d’agréables promenades.\n \nLe projet a été étudié dans un souci global de développement durable et d\'économie d\'énergie: chaudière au gaz haut rendement , isolation importante des parois de déperdition et chauffage par le sol ainsi que l’utilisation d’un système double flux. (catégorie basse énergie PEB A).\n \nNous apportons une attention toute particulière à l’isolation acoustique de chacune de nos réalisations.\n \nL’aménagement intérieur de nos appartements est réalisé en fonction des demandes formulées par nos clients , nous possédons l’avantage d’une gestion personnalisée pour chacun de nos acquéreurs.', 'Rue Steenkerque ', 'Soignies', '7060', 'Hainaut ', NULL, 0, 1, '50.81423320000000', '4.30373330000000', 1, NULL, NULL, NULL, NULL, NULL, NULL, NULL, NULL, NULL, NULL, NULL, NULL, NULL, NULL, NULL, NULL, NULL, NULL, NULL, '2019-07-22 19:12:19', '2019-07-22 19:12:19', 1);

-- --------------------------------------------------------

--
-- Structure de la table `projecttypes`
--

CREATE TABLE `projecttypes` (
  `id` int(11) NOT NULL,
  `label` varchar(100) DEFAULT NULL,
  `code` varchar(30) DEFAULT NULL,
  `createdAt` datetime NOT NULL,
  `updatedAt` datetime NOT NULL
) ENGINE=InnoDB DEFAULT CHARSET=utf8mb4;

--
-- Contenu de la table `projecttypes`
--

INSERT INTO `projecttypes` (`id`, `label`, `code`, `createdAt`, `updatedAt`) VALUES
(1, 'Maison(s)', '1', '2019-07-22 19:13:38', '2019-07-22 19:13:38'),
(2, 'Appartement(s)', '2', '2019-07-22 19:13:38', '2019-07-22 19:13:38'),
(3, 'Autres', '3', '2019-07-22 19:13:38', '2019-07-22 19:13:38');

-- --------------------------------------------------------

--
-- Structure de la table `project_phases`
--

CREATE TABLE `project_phases` (
  `createdAt` datetime NOT NULL,
  `updatedAt` datetime NOT NULL,
  `project_id` int(11) NOT NULL,
  `phase_id` int(11) NOT NULL
) ENGINE=InnoDB DEFAULT CHARSET=utf8mb4;

--
-- Contenu de la table `project_phases`
--

INSERT INTO `project_phases` (`createdAt`, `updatedAt`, `project_id`, `phase_id`) VALUES
('2019-07-22 19:16:28', '2019-07-22 19:16:28', 1, 1),
('2019-07-22 19:16:28', '2019-07-22 19:16:28', 1, 31),
('2019-07-22 19:16:28', '2019-07-22 19:16:28', 1, 32),
('2019-07-22 19:16:28', '2019-07-22 19:16:28', 1, 33),
('2019-07-22 19:16:28', '2019-07-22 19:16:28', 1, 34),
('2019-07-22 19:16:28', '2019-07-22 19:16:28', 13, 1),
('2019-07-22 19:16:28', '2019-07-22 19:16:28', 13, 31),
('2019-07-22 19:16:28', '2019-07-22 19:16:28', 13, 32),
('2019-07-22 19:16:28', '2019-07-22 19:16:28', 13, 33),
('2019-07-22 19:16:28', '2019-07-22 19:16:28', 13, 34),
('2019-07-22 19:16:28', '2019-07-22 19:16:28', 14, 1),
('2019-07-22 19:16:28', '2019-07-22 19:16:28', 14, 31),
('2019-07-22 19:16:28', '2019-07-22 19:16:28', 14, 32),
('2019-07-22 19:16:28', '2019-07-22 19:16:28', 14, 33),
('2019-07-22 19:16:28', '2019-07-22 19:16:28', 14, 34),
('2019-07-22 19:16:28', '2019-07-22 19:16:28', 22, 1),
('2019-07-22 19:16:28', '2019-07-22 19:16:28', 22, 31),
('2019-07-22 19:16:28', '2019-07-22 19:16:28', 22, 32),
('2019-07-22 19:16:28', '2019-07-22 19:16:28', 22, 33),
('2019-07-22 19:16:28', '2019-07-22 19:16:28', 22, 34),
('2019-07-22 19:16:28', '2019-07-22 19:16:28', 23, 1),
('2019-07-22 19:16:28', '2019-07-22 19:16:28', 23, 31),
('2019-07-22 19:16:28', '2019-07-22 19:16:28', 23, 32),
('2019-07-22 19:16:28', '2019-07-22 19:16:28', 23, 33),
('2019-07-22 19:16:28', '2019-07-22 19:16:28', 23, 34),
('2019-07-22 19:16:28', '2019-07-22 19:16:28', 25, 1),
('2019-07-22 19:16:28', '2019-07-22 19:16:28', 25, 31),
('2019-07-22 19:16:28', '2019-07-22 19:16:28', 25, 32),
('2019-07-22 19:16:28', '2019-07-22 19:16:28', 25, 33),
('2019-07-22 19:16:28', '2019-07-22 19:16:28', 25, 34),
('2019-07-22 19:16:28', '2019-07-22 19:16:28', 26, 1),
('2019-07-22 19:16:28', '2019-07-22 19:16:28', 26, 31),
('2019-07-22 19:16:28', '2019-07-22 19:16:28', 26, 32),
('2019-07-22 19:16:28', '2019-07-22 19:16:28', 26, 33),
('2019-07-22 19:16:28', '2019-07-22 19:16:28', 26, 34),
('2019-07-22 19:16:28', '2019-07-22 19:16:28', 27, 1),
('2019-07-22 19:16:28', '2019-07-22 19:16:28', 27, 31),
('2019-07-22 19:16:28', '2019-07-22 19:16:28', 27, 32),
('2019-07-22 19:16:28', '2019-07-22 19:16:28', 27, 33),
('2019-07-22 19:16:28', '2019-07-22 19:16:28', 27, 34),
('2019-07-22 19:16:28', '2019-07-22 19:16:28', 28, 1),
('2019-07-22 19:16:28', '2019-07-22 19:16:28', 28, 31),
('2019-07-22 19:16:28', '2019-07-22 19:16:28', 28, 32),
('2019-07-22 19:16:28', '2019-07-22 19:16:28', 28, 33),
('2019-07-22 19:16:28', '2019-07-22 19:16:28', 28, 34),
('2019-07-22 19:16:28', '2019-07-22 19:16:28', 29, 1),
('2019-07-22 19:16:28', '2019-07-22 19:16:28', 29, 31),
('2019-07-22 19:16:28', '2019-07-22 19:16:28', 29, 32),
('2019-07-22 19:16:28', '2019-07-22 19:16:28', 29, 33),
('2019-07-22 19:16:28', '2019-07-22 19:16:28', 29, 34),
('2019-07-22 19:16:28', '2019-07-22 19:16:28', 30, 1),
('2019-07-22 19:16:28', '2019-07-22 19:16:28', 30, 31),
('2019-07-22 19:16:28', '2019-07-22 19:16:28', 30, 32),
('2019-07-22 19:16:28', '2019-07-22 19:16:28', 30, 33),
('2019-07-22 19:16:28', '2019-07-22 19:16:28', 30, 34),
('2019-07-22 19:16:28', '2019-07-22 19:16:28', 31, 1),
('2019-07-22 19:16:28', '2019-07-22 19:16:28', 31, 31),
('2019-07-22 19:16:28', '2019-07-22 19:16:28', 31, 32),
('2019-07-22 19:16:28', '2019-07-22 19:16:28', 31, 33),
('2019-07-22 19:16:28', '2019-07-22 19:16:28', 31, 34),
('2019-07-22 19:16:28', '2019-07-22 19:16:28', 32, 1),
('2019-07-22 19:16:28', '2019-07-22 19:16:28', 32, 31),
('2019-07-22 19:16:28', '2019-07-22 19:16:28', 32, 32),
('2019-07-22 19:16:28', '2019-07-22 19:16:28', 32, 33),
('2019-07-22 19:16:28', '2019-07-22 19:16:28', 32, 34);

-- --------------------------------------------------------

--
-- Structure de la table `realties`
--

CREATE TABLE `realties` (
  `id` int(11) NOT NULL,
  `realty_title` varchar(255) NOT NULL,
  `realty_facades_number` int(11) DEFAULT NULL,
  `realty_floor` int(11) DEFAULT NULL,
  `realty_net_price` decimal(8,2) DEFAULT '0.00',
  `realty_vat` float DEFAULT '21',
  `realty_short_description` varchar(255) DEFAULT NULL,
  `realty_long_description` text,
  `realty_surface` float DEFAULT NULL,
  `realty_active_online` tinyint(1) DEFAULT '1',
  `realty_status` int(11) DEFAULT '0',
  `realty_availability` datetime DEFAULT NULL,
  `realty_start_diffusion_date` datetime DEFAULT NULL,
  `realty_kitchen_surface` int(11) DEFAULT NULL,
  `realty_kitchen_type` varchar(2) DEFAULT NULL,
  `realty_bedrooms` varchar(128) DEFAULT NULL,
  `realty_bathrooms` varchar(128) DEFAULT NULL,
  `realty_showers` varchar(128) DEFAULT NULL,
  `realty_terrace_surface` int(11) DEFAULT NULL,
  `realty_terrace_orientation` varchar(2) DEFAULT NULL,
  `realty_living_surface` int(11) DEFAULT NULL,
  `realty_dining_room_surface` int(11) DEFAULT NULL,
  `realty_attic_surface` int(11) DEFAULT NULL,
  `realty_office_surface` int(11) DEFAULT NULL,
  `realty_cellar_surface` int(11) DEFAULT NULL,
  `realty_freelance_surface` int(11) DEFAULT NULL,
  `realty_garden_surface` int(11) DEFAULT NULL,
  `realty_wc_number` int(11) DEFAULT NULL,
  `realty_acoustic_isolation` tinyint(1) DEFAULT NULL,
  `realty_security_system` tinyint(1) DEFAULT NULL,
  `realty_door_phone` tinyint(1) DEFAULT NULL,
  `realty_videophone` tinyint(1) DEFAULT NULL,
  `realty_security_door` tinyint(1) DEFAULT NULL,
  `realty_laundry` tinyint(1) DEFAULT NULL,
  `createdAt` datetime NOT NULL,
  `updatedAt` datetime NOT NULL,
  `ProjectId` int(11) DEFAULT NULL,
  `RealtytypeId` int(11) DEFAULT NULL,
  `RealtycontracttypeId` int(11) DEFAULT NULL
) ENGINE=InnoDB DEFAULT CHARSET=utf8mb4;

--
-- Contenu de la table `realties`
--

INSERT INTO `realties` (`id`, `realty_title`, `realty_facades_number`, `realty_floor`, `realty_net_price`, `realty_vat`, `realty_short_description`, `realty_long_description`, `realty_surface`, `realty_active_online`, `realty_status`, `realty_availability`, `realty_start_diffusion_date`, `realty_kitchen_surface`, `realty_kitchen_type`, `realty_bedrooms`, `realty_bathrooms`, `realty_showers`, `realty_terrace_surface`, `realty_terrace_orientation`, `realty_living_surface`, `realty_dining_room_surface`, `realty_attic_surface`, `realty_office_surface`, `realty_cellar_surface`, `realty_freelance_surface`, `realty_garden_surface`, `realty_wc_number`, `realty_acoustic_isolation`, `realty_security_system`, `realty_door_phone`, `realty_videophone`, `realty_security_door`, `realty_laundry`, `createdAt`, `updatedAt`, `ProjectId`, `RealtytypeId`, `RealtycontracttypeId`) VALUES
(54, 'Appartement R1 / 001 ', NULL, NULL, '0.00', 21, NULL, 'Appartement 2 chambres.', 114.3, 1, 2, NULL, NULL, NULL, NULL, NULL, NULL, NULL, NULL, NULL, NULL, NULL, NULL, NULL, NULL, NULL, NULL, NULL, NULL, NULL, NULL, NULL, NULL, NULL, '2019-07-22 19:13:44', '2019-07-22 19:13:44', 14, 2, 1),
(112, 'Appartement R2 / 002 ', NULL, NULL, '0.00', 21, NULL, 'Appartement 2 chambres.', 111, 1, 2, NULL, NULL, NULL, NULL, NULL, NULL, NULL, NULL, NULL, NULL, NULL, NULL, NULL, NULL, NULL, NULL, NULL, NULL, NULL, NULL, NULL, NULL, NULL, '2019-07-22 19:13:44', '2019-07-22 19:13:44', 14, 2, 1),
(118, 'Appartement R.3', NULL, NULL, '0.00', 21, NULL, 'Appartement 2 chambres + 1 bureau ,grandes terrasses, belle exposition sud est, au calme,séjour avec vue dégagée, cuisine super équipée,salle de bain,chauffage gaz individuelle.', 117, 1, 2, NULL, NULL, NULL, NULL, NULL, NULL, NULL, NULL, NULL, NULL, NULL, NULL, NULL, NULL, NULL, NULL, NULL, NULL, NULL, NULL, NULL, NULL, NULL, '2019-07-22 19:13:44', '2019-07-22 19:13:44', 14, 2, 1),
(119, 'Appartement R.4', NULL, NULL, '0.00', 21, NULL, 'Superbe appartement 3 chambres avec séjour, cuisine équipée, ,salle de bain, salle de douche, ,buanderie ,deux belles terrasses avec jardin privafif,expostion sud est ,belle vue ,au calme.', 139.4, 1, 2, NULL, NULL, NULL, NULL, NULL, NULL, NULL, NULL, NULL, NULL, NULL, NULL, NULL, NULL, NULL, NULL, NULL, NULL, NULL, NULL, NULL, NULL, NULL, '2019-07-22 19:13:44', '2019-07-22 19:13:44', 14, 2, 1),
(120, 'Appartement 1.1', NULL, NULL, '0.00', 21, NULL, 'Appartement 2 chambres composé d\'un séjour ,cuisine équipée,salle de bain, buanderie, grande terrasse (10m²) avce une belle exposition sud.Grande baies vitrées,très lumineux.coup de coeur assuré.', 114.3, 1, 2, NULL, NULL, NULL, NULL, NULL, NULL, NULL, NULL, NULL, NULL, NULL, NULL, NULL, NULL, NULL, NULL, NULL, NULL, NULL, NULL, NULL, NULL, NULL, '2019-07-22 19:13:44', '2019-07-22 19:13:44', 14, 2, 1),
(121, 'Appartement 1.2', NULL, NULL, '0.00', 21, NULL, 'Appartement 2 chambres composé d\'un séjour ,cuisine équipée,salle de bain, buanderie, grande terrasse (12m²) avec une belle exposition sud.Grande baies vitrées,très lumineux.coup de coeur assuré.', 111, 1, 2, NULL, NULL, NULL, NULL, NULL, NULL, NULL, NULL, NULL, NULL, NULL, NULL, NULL, NULL, NULL, NULL, NULL, NULL, NULL, NULL, NULL, NULL, NULL, '2019-07-22 19:13:44', '2019-07-22 19:13:44', 14, 2, 1),
(122, 'Appartement 1.3 Duplex', NULL, NULL, '0.00', 21, NULL, 'Appartement duplex 3 chambres composé d\'un séjour ,cuisine équipée,salle de bain, buanderie, grande terrasse avec une belle exposition.Grande baies vitrées,très lumineux.coup de coeur assuré.', 112.4, 1, 2, NULL, NULL, NULL, NULL, NULL, NULL, NULL, NULL, NULL, NULL, NULL, NULL, NULL, NULL, NULL, NULL, NULL, NULL, NULL, NULL, NULL, NULL, NULL, '2019-07-22 19:13:44', '2019-07-22 19:13:44', 14, 2, 1),
(123, 'Appartement 1.4', NULL, NULL, '0.00', 21, NULL, 'Appartement 2 chambres + 1 bureau ,grandes terrasses, belle exposition sud est, au calme,séjour avec très belle vue dégagée, cuisine super équipée,salle de bain,chauffage gaz individuelle.coup de coeur assuré.', 117, 1, 2, NULL, NULL, NULL, NULL, NULL, NULL, NULL, NULL, NULL, NULL, NULL, NULL, NULL, NULL, NULL, NULL, NULL, NULL, NULL, NULL, NULL, NULL, NULL, '2019-07-22 19:13:44', '2019-07-22 19:13:44', 14, 2, 1),
(124, 'Appartement 2.1', NULL, NULL, '0.00', 21, NULL, 'Appartement 2 chambres composé d\'un séjour ,cuisine équipée,salle de bain, buanderie, grande terrasse (10m²) avec une belle exposition sud.Grande baies vitrées,très lumineux.coup de coeur assuré.', 114.3, 1, 2, NULL, NULL, NULL, NULL, NULL, NULL, NULL, NULL, NULL, NULL, NULL, NULL, NULL, NULL, NULL, NULL, NULL, NULL, NULL, NULL, NULL, NULL, NULL, '2019-07-22 19:13:44', '2019-07-22 19:13:44', 14, 2, 1),
(125, 'Appartement 2.2', NULL, NULL, '0.00', 21, NULL, 'Appartement 2 chambres composé d\'un séjour ,cuisine équipée,salle de bain, buanderie, grande terrasse (12m²) avce une belle exposition sud.Grande baies vitrées,très lumineux.coup de coeur assuré.', 111, 1, 2, NULL, NULL, NULL, NULL, NULL, NULL, NULL, NULL, NULL, NULL, NULL, NULL, NULL, NULL, NULL, NULL, NULL, NULL, NULL, NULL, NULL, NULL, NULL, '2019-07-22 19:13:44', '2019-07-22 19:13:44', 14, 2, 1),
(126, 'Appartement 2.3', NULL, NULL, '0.00', 21, NULL, 'Appartement 2 chambres + 1 bureau ,grandes terrasses, belle exposition sud est, au calme,séjour avec très belle vue dégagée, cuisine super équipée,salle de bain,chauffage gaz individuelle.coup de coeur assuré.', 117, 1, 2, NULL, NULL, NULL, NULL, NULL, NULL, NULL, NULL, NULL, NULL, NULL, NULL, NULL, NULL, NULL, NULL, NULL, NULL, NULL, NULL, NULL, NULL, NULL, '2019-07-22 19:13:44', '2019-07-22 19:13:44', 14, 2, 1),
(127, 'Appartement 1.5', NULL, NULL, '0.00', 21, NULL, 'Superbe appartement 3 chambres avec séjour, cuisine équipée, ,salle de bain, salle de douche, ,buanderie ,deux belles terrasses ,expostion sud est ,belle vue,au calme.', 139.4, 1, 2, NULL, NULL, NULL, NULL, NULL, NULL, NULL, NULL, NULL, NULL, NULL, NULL, NULL, NULL, NULL, NULL, NULL, NULL, NULL, NULL, NULL, NULL, NULL, '2019-07-22 19:13:44', '2019-07-22 19:13:44', 14, 2, 1),
(128, 'Appartement 2.4', NULL, NULL, '0.00', 21, NULL, 'Superbe appartement 3 chambres avec séjour, cuisine équipée, ,salle de bain, salle de douche, ,buanderie ,deux belles terrasses ,expostion sud est ,belle vue,au calme.', 139.4, 1, 2, NULL, NULL, NULL, NULL, NULL, NULL, NULL, NULL, NULL, NULL, NULL, NULL, NULL, NULL, NULL, NULL, NULL, NULL, NULL, NULL, NULL, NULL, NULL, '2019-07-22 19:13:44', '2019-07-22 19:13:44', 14, 2, 1),
(129, 'Appartement 3.1', NULL, NULL, '0.00', 21, NULL, 'Appartement 2 chambres + 1 bureau ,grandes terrasses, belle exposition sud est, au calme,séjour avec très belle vue dégagée, cuisine super équipée,salle de bain,chauffage gaz individuelle.coup de coeur assuré.', 117, 1, 2, NULL, NULL, NULL, NULL, NULL, NULL, NULL, NULL, NULL, NULL, NULL, NULL, NULL, NULL, NULL, NULL, NULL, NULL, NULL, NULL, NULL, NULL, NULL, '2019-07-22 19:13:44', '2019-07-22 19:13:44', 14, 2, 1),
(130, 'Appartement 3.2', NULL, NULL, '0.00', 21, NULL, 'Superbe appartement 3 chambres avec séjour, cuisine équipée, ,salle de bain, salle de douche, ,buanderie ,deux belles terrasses ,expostion sud est ,belle vue,au calme.', 139.4, 1, 2, NULL, NULL, NULL, NULL, NULL, NULL, NULL, NULL, NULL, NULL, NULL, NULL, NULL, NULL, NULL, NULL, NULL, NULL, NULL, NULL, NULL, NULL, NULL, '2019-07-22 19:13:44', '2019-07-22 19:13:44', 14, 2, 1),
(131, 'Rez pour profession libérale', NULL, NULL, '0.00', 21, NULL, ' Nous avons le plaisir de vous proposer un petit bureau, composer d’une salle d’attente, une pièce de consultation, kitchenette (évier, frigo, microondes), terrasse arrière à côté d’un plan d’eau, WC , un local d’archivage en sous-sol. L’aménagement intérieur est modulable. Situation : Commune d’Ecaussinnes, proche du centre, au rez de chaussé dans une résidence à appartement. Ecaussinnes : 40 km de Bruxelles, 30 km de Mons , 35 km de Charleroi, 15 km de Nivelles et d’Enghien, 5 km de Braine le comte et de Soignies.', 35, 1, 2, NULL, NULL, NULL, NULL, NULL, NULL, NULL, NULL, NULL, NULL, NULL, NULL, NULL, NULL, NULL, NULL, NULL, NULL, NULL, NULL, NULL, NULL, NULL, '2019-07-22 19:13:44', '2019-07-22 19:13:44', 14, 11, 1),
(132, 'Maison 1', NULL, NULL, '0.00', 21, NULL, 'Maison en mode basse énergie très agréable à vivre,jardin arrière au calme,belle oriantation.Composition : séjour,cuisine,buanderie,3 chambres,salle de bain,garage,emplacement de parking extérieur ,patio avant,possibilité d\'aménager les combles.terrain d\'une superficie de 3.5 ares.Panneaux solaire,chaudière gaz à condensation.finition haut de gamme.', 150, 1, 2, NULL, NULL, NULL, NULL, NULL, NULL, NULL, NULL, NULL, NULL, NULL, NULL, NULL, NULL, NULL, NULL, NULL, NULL, NULL, NULL, NULL, NULL, NULL, '2019-07-22 19:13:44', '2019-07-22 19:13:44', 22, 1, 1),
(133, 'Maison 2', NULL, NULL, '0.00', 21, NULL, 'Maison en mode basse énergie très agréable à vivre, jardin arrière au calme,belle oriantation.Composition : séjour,cuisine,buanderie,3 chambres,salle de bain,garage,emplacement de parking extérieur ,patio avant,possibilité d\'aménager les combles.terrain d\'une superficie de 3.5 ares.Panneaux solaire,chaudière gaz à condensation.finition haut de gamme.', 150, 1, 2, NULL, NULL, NULL, NULL, NULL, NULL, NULL, NULL, NULL, NULL, NULL, NULL, NULL, NULL, NULL, NULL, NULL, NULL, NULL, NULL, NULL, NULL, NULL, '2019-07-22 19:13:44', '2019-07-22 19:13:44', 22, 1, 1),
(134, 'Maison 3', NULL, NULL, '0.00', 21, NULL, 'Maison en mode basse énergie très agréable à vivre,jardin arrière au calme,belle oriantation.Composition : séjour,cuisine,buanderie,3 chambres,salle de bain,garage,emplacement de parking extérieur ,patio avant,possibilité d\'aménager les combles.terrain d\'une superficie de 3.5 ares.Panneaux solaire,chaudière gaz à condensation.finition haut de gamme.', 150, 1, 2, NULL, NULL, NULL, NULL, NULL, NULL, NULL, NULL, NULL, NULL, NULL, NULL, NULL, NULL, NULL, NULL, NULL, NULL, NULL, NULL, NULL, NULL, NULL, '2019-07-22 19:13:44', '2019-07-22 19:13:44', 22, 1, 1),
(135, 'Maison 4', NULL, NULL, '0.00', 21, NULL, 'Maison en mode basse énergie très agréable à vivre,jardin arrière au calme,belle oriantation.Composition : séjour,cuisine,buanderie,3 chambres,salle de bain,garage,emplacement de parking extérieur ,patio avant,possibilité d\'aménager les combles.terrain d\'une superficie de 3.5 ares.Panneaux solaire,chaudière gaz à condensation.finition haut de gamme.', 150, 1, 2, NULL, NULL, NULL, NULL, NULL, NULL, NULL, NULL, NULL, NULL, NULL, NULL, NULL, NULL, NULL, NULL, NULL, NULL, NULL, NULL, NULL, NULL, NULL, '2019-07-22 19:13:44', '2019-07-22 19:13:44', 22, 1, 1),
(136, 'Maison 5', NULL, NULL, '0.00', 21, NULL, 'Maison en mode basse énergie très agréable à vivre,jardin arrière au calme,belle oriantation.Composition : séjour,cuisine,buanderie,3 chambres,salle de bain,garage,emplacement de parking extérieur ,patio avant,possibilité d\'aménager les combles.terrain d\'une superficie de 3.5 ares.Panneaux solaire,chaudière gaz à condensation.finition haut de gamme.', 150, 1, 2, NULL, NULL, NULL, NULL, NULL, NULL, NULL, NULL, NULL, NULL, NULL, NULL, NULL, NULL, NULL, NULL, NULL, NULL, NULL, NULL, NULL, NULL, NULL, '2019-07-22 19:13:44', '2019-07-22 19:13:44', 22, 1, 1),
(146, 'appartement 01 ', NULL, NULL, '0.00', 21, NULL, '', 105, 1, 2, NULL, NULL, NULL, NULL, NULL, NULL, NULL, NULL, NULL, NULL, NULL, NULL, NULL, NULL, NULL, NULL, NULL, NULL, NULL, NULL, NULL, NULL, NULL, '2019-07-22 19:13:44', '2019-07-22 19:13:44', 25, 2, 1),
(147, 'appartement 02', NULL, NULL, '181300.00', 21, NULL, 'Appartement plein de charme dans une résidence à l\'architecture audacieuse et contemporaine, séjour très lumineux ,terrasse de 8 m² avec une belle orientation sud ouest . Construction basse énergie, chaudière au gaz haut rendement ,un AVANTAGE sur vos factures énergétiques , isolation acoustique performante, tout confort ,cuisine super équipée , parking en car port et cave en sous sol. COUP DE COEUR ASSURE CONTACT : 0487/750.306.', 98, 1, 2, NULL, NULL, NULL, NULL, NULL, NULL, NULL, NULL, NULL, NULL, NULL, NULL, NULL, NULL, NULL, NULL, NULL, NULL, NULL, NULL, NULL, NULL, NULL, '2019-07-22 19:13:44', '2019-07-22 19:13:44', 25, 2, 1),
(148, 'appartement 03', NULL, NULL, '185000.00', 21, NULL, 'Appartement de deux chambres plein de charme dans une résidence à l\'architecture audacieuse et contemporaine, séjour très lumineux ,terrasse de 8 m² avec une belle orientation sud ouest . Construction basse énergie, chaudière au gaz haut rendement ,un AVANTAGE sur vos factures énergétiques , isolation acoustique performante, tout confort ,cuisine super équipée , parking en car port et cave en sous sol. situation très calme, COUP DE COEUR ASSURE CONTACT : 0487/750.306.', 100, 1, 2, NULL, NULL, NULL, NULL, NULL, NULL, NULL, NULL, NULL, NULL, NULL, NULL, NULL, NULL, NULL, NULL, NULL, NULL, NULL, NULL, NULL, NULL, NULL, '2019-07-22 19:13:44', '2019-07-22 19:13:44', 25, 2, 1),
(149, 'appartement 04', NULL, NULL, '181300.00', 21, NULL, 'Appartement plein de charme dans une résidence à l\'architecture audacieuse et contemporaine, séjour très lumineux ,terrasse de 8 m² avec une belle orientation sud ouest . Construction basse énergie, chaudière au gaz haut rendement ,un AVANTAGE sur vos factures énergétiques , isolation acoustique performante, tout confort ,cuisine super équipée , parking en car port et cave en sous sol. COUP DE COEUR ASSURE CONTACT : 0487/750.306.', 98, 1, 2, NULL, NULL, NULL, NULL, NULL, NULL, NULL, NULL, NULL, NULL, NULL, NULL, NULL, NULL, NULL, NULL, NULL, NULL, NULL, NULL, NULL, NULL, NULL, '2019-07-22 19:13:44', '2019-07-22 19:13:44', 25, 2, 1),
(150, 'appartement 05', NULL, NULL, '185000.00', 21, NULL, 'Appartement de deux chambres plein de charme dans une résidence à l\'architecture audacieuse et contemporaine, séjour très lumineux ,terrasse de 8 m² avec une belle orientation sud ouest . Construction basse énergie, chaudière au gaz haut rendement ,un AVANTAGE sur vos factures énergétiques , isolation acoustique performante, tout confort ,cuisine super équipée , parking en car port et cave en sous sol. situation très calme, COUP DE COEUR ASSURE CONTACT : 0487/750.306.', 100, 1, 2, NULL, NULL, NULL, NULL, NULL, NULL, NULL, NULL, NULL, NULL, NULL, NULL, NULL, NULL, NULL, NULL, NULL, NULL, NULL, NULL, NULL, NULL, NULL, '2019-07-22 19:13:44', '2019-07-22 19:13:44', 25, 2, 1),
(151, 'R1', NULL, NULL, '135000.00', 21, NULL, 'CHARMANT APPARTEMENT 1 CHAMBRE AU REZ AVEC TERRASSE ARBORE DE PLANTATIONS, très lumineux avec de Grandes baies vitrées, tout confort , cuisine équipée , salle de douche, chaudière individuelle  haut rendement. Renseignements au 0487/750.306.', 64, 1, 2, NULL, NULL, NULL, NULL, NULL, NULL, NULL, NULL, NULL, NULL, NULL, NULL, NULL, NULL, NULL, NULL, NULL, NULL, NULL, NULL, NULL, NULL, NULL, '2019-07-22 19:13:44', '2019-07-22 19:13:44', 26, 2, 1),
(152, 'R 2 ', NULL, NULL, '189000.00', 21, NULL, 'CHARMANT APPARTEMENT 2 CHAMBRES AU REZ AVEC BELLE TERRASSE ARBORE DE PLANTATIONS SITUE AU CALME, très lumineux avec de Grande baies vitrées, tout confort , cuisine équipée , salle de bain, chaudière individuelle haut rendement ., situation près des commerces. COUP DE COEUR ASSURE Renseignements au 0487/750.306', 96, 1, 2, NULL, NULL, NULL, NULL, NULL, NULL, NULL, NULL, NULL, NULL, NULL, NULL, NULL, NULL, NULL, NULL, NULL, NULL, NULL, NULL, NULL, NULL, NULL, '2019-07-22 19:13:44', '2019-07-22 19:13:44', 26, 2, 1),
(153, 'R.3', NULL, NULL, '194000.00', 21, NULL, 'CHARMANT APPARTEMENT 2 CHAMBRES AU REZ AVEC BELLE TERRASSE ARBORE DE PLANTATIONS SITUE AU CALME, très lumineux avec de Grande baies vitrées, tout confort , cuisine équipée , salle de bain, chaudière individuelle haut rendement ., situation près des commerces. COUP DE COEUR ASSURE Renseignements au 0487/750.306', 98, 1, 2, NULL, NULL, NULL, NULL, NULL, NULL, NULL, NULL, NULL, NULL, NULL, NULL, NULL, NULL, NULL, NULL, NULL, NULL, NULL, NULL, NULL, NULL, NULL, '2019-07-22 19:13:44', '2019-07-22 19:13:44', 26, 2, 1),
(154, 'R.4', NULL, NULL, '137000.00', 21, NULL, 'CHARMANT APPARTEMENT 1 CHAMBRE AU REZ AVEC TERRASSE ARBORE DE PLANTATIONS, très lumineux avec de Grandes baies vitrées, tout confort , cuisine équipée , salle de douche, chaudière individuelle haut rendement . SITUATION AU CALME PROCHE DE COMMERCES ET DES TRANSPORTS EN COMMUNS .Renseignements au 0487/750.306.', 66, 1, 2, NULL, NULL, NULL, NULL, NULL, NULL, NULL, NULL, NULL, NULL, NULL, NULL, NULL, NULL, NULL, NULL, NULL, NULL, NULL, NULL, NULL, NULL, NULL, '2019-07-22 19:13:44', '2019-07-22 19:13:44', 26, 2, 1),
(155, 'R.5', NULL, NULL, '189000.00', 21, NULL, 'CHARMANT APPARTEMENT 2 CHAMBRES AU REZ AVEC TERRASSE ARBORE DE PLANTATIONS , très lumineux avec de Grandes baies vitrées, tout confort , cuisine équipée , salle de bain, chaudière individuelle haut rendement ., situation près des commerces et des transports en commun. COUP DE COEUR ASSURE Renseignements au 0487/750.306.', 101, 1, 0, NULL, NULL, NULL, NULL, NULL, NULL, NULL, NULL, NULL, NULL, NULL, NULL, NULL, NULL, NULL, NULL, NULL, NULL, NULL, NULL, NULL, NULL, NULL, '2019-07-22 19:13:44', '2019-07-22 19:13:44', 26, 2, 1),
(156, 'R.6', NULL, NULL, '189000.00', 21, NULL, 'CHARMANT APPARTEMENT 2 CHAMBRES AU REZ AVEC BELLE TERRASSE SITUE AU CALME ,superbe vue, très lumineux avec de Grandes baies vitrées, tout confort , cuisine équipée , salle de bain, chaudière haut rendement individuelle., situation près des commerces et des transports en commun. COUP DE COEUR ASSURE Renseignements au 0487/750.306.', 99, 1, 2, NULL, NULL, NULL, NULL, NULL, NULL, NULL, NULL, NULL, NULL, NULL, NULL, NULL, NULL, NULL, NULL, NULL, NULL, NULL, NULL, NULL, NULL, NULL, '2019-07-22 19:13:44', '2019-07-22 19:13:44', 26, 2, 1),
(157, 'R.7', NULL, NULL, '150000.00', 21, NULL, 'MAGNIFIQUE APPARTEMENT 1 CHAMBRE AU REZ AVEC TERRASSE ARBORE DE PLANTATIONS, très lumineux avec de Grande baies vitrées, tout confort , cuisine équipée , salle de bain, chaudière individuelle haut rendement .  PROCHE DE COMMERCES ET DES TRANSPORTS EN COMMUNS . COUP DE CŒUR ASSURE. Renseignements au 0487/750.306.', 77, 1, 2, NULL, NULL, NULL, NULL, NULL, NULL, NULL, NULL, NULL, NULL, NULL, NULL, NULL, NULL, NULL, NULL, NULL, NULL, NULL, NULL, NULL, NULL, NULL, '2019-07-22 19:13:44', '2019-07-22 19:13:44', 26, 2, 1),
(158, 'R.8', NULL, NULL, '220350.00', 21, NULL, 'MAGNIFIQUE APPARTEMENT 3 CHAMBRES AVEC TERRASSE ARBORE DE PLANTATIONS, SITUE AU CALME ,superbe vue , très lumineux avec de Grandes baies vitrées, tout confort , cuisine équipée , salle de bain, chaudière individuelle haut rendement.  PROCHE DE COMMERCES ET DES TRANSPORTS EN COMMUNS . COUP DE CŒUR ASSURE. Renseignements au 0487/750.306.', 113, 1, 2, NULL, NULL, NULL, NULL, NULL, NULL, NULL, NULL, NULL, NULL, NULL, NULL, NULL, NULL, NULL, NULL, NULL, NULL, NULL, NULL, NULL, NULL, NULL, '2019-07-22 19:13:44', '2019-07-22 19:13:44', 26, 2, 1),
(159, '1.1', NULL, NULL, '135000.00', 21, NULL, 'MAGNIFIQUE APPARTEMENT 1 CHAMBRE AU 1 ETAGE SITUE AU CALME , avec balcon , très lumineux avec de Grandes baies vitrées, tout confort , cuisine équipée , salle de bain, chaudière individuelle haut rendement .  PROCHE DE COMMERCES ET DES TRANSPORTS EN COMMUNS . COUP DE CŒUR ASSURE. Renseignements au 0487/750.306', 66, 1, 2, NULL, NULL, NULL, NULL, NULL, NULL, NULL, NULL, NULL, NULL, NULL, NULL, NULL, NULL, NULL, NULL, NULL, NULL, NULL, NULL, NULL, NULL, NULL, '2019-07-22 19:13:44', '2019-07-22 19:13:44', 26, 2, 1),
(160, '1.2', NULL, NULL, '189000.00', 21, NULL, 'MAGNIFIQUE APPARTEMENT 2 CHAMBRE AU 1 ETAGE AVEC TERRASSE , très lumineux avec de Grandes baies vitrées, tout confort , cuisine équipée , salle de bain, chaudière individuelle haut rendement .  PROCHE DE COMMERCES ET DES TRANSPORTS EN COMMUNS . COUP DE CŒUR ASSURE. Renseignements au 0487/750.306.', 102, 1, 2, NULL, NULL, NULL, NULL, NULL, NULL, NULL, NULL, NULL, NULL, NULL, NULL, NULL, NULL, NULL, NULL, NULL, NULL, NULL, NULL, NULL, NULL, NULL, '2019-07-22 19:13:44', '2019-07-22 19:13:44', 26, 2, 1),
(161, '1.3', NULL, NULL, '142350.00', 21, NULL, 'CHARMANT APPARTEMENT 1 CHAMBRE AU 1 ETAGE , très lumineux avec de Grandes baies vitrées, tout confort , cuisine équipée , salle de douche, chaudière individuelle haut rendement . Renseignements au 0487/750.306.', 73, 1, 2, NULL, NULL, NULL, NULL, NULL, NULL, NULL, NULL, NULL, NULL, NULL, NULL, NULL, NULL, NULL, NULL, NULL, NULL, NULL, NULL, NULL, NULL, NULL, '2019-07-22 19:13:44', '2019-07-22 19:13:44', 26, 2, 1),
(162, '1.4', NULL, NULL, '187200.00', 21, NULL, 'CHARMANT APPARTEMENT 2 CHAMBRES AU 1 ETAGE AVEC BELLE TERRASSE ARBORE DE PLANTATIONS SITUE AU CALME, très lumineux avec de Grande baies vitrées, tout confort , cuisine équipée , salle de bain, chaudière individuelle haut rendement ., situation près des commerces. COUP DE COEUR ASSURE Renseignements au 0487/750.306.', 96, 1, 2, NULL, NULL, NULL, NULL, NULL, NULL, NULL, NULL, NULL, NULL, NULL, NULL, NULL, NULL, NULL, NULL, NULL, NULL, NULL, NULL, NULL, NULL, NULL, '2019-07-22 19:13:44', '2019-07-22 19:13:44', 26, 2, 1),
(163, '1.5', NULL, NULL, '191100.00', 21, NULL, 'CHARMANT APPARTEMENT 2 CHAMBRES AU 1 ETAGE AVEC BELLE TERRASSE SITUE AU CALME, très lumineux avec de Grande baies vitrées, tout confort , cuisine équipée , salle de bain, chaudière individuelle haut rendement ., situation près des commerces. COUP DE COEUR ASSURE Renseignements au 0487/750.306.', 98, 1, 2, NULL, NULL, NULL, NULL, NULL, NULL, NULL, NULL, NULL, NULL, NULL, NULL, NULL, NULL, NULL, NULL, NULL, NULL, NULL, NULL, NULL, NULL, NULL, '2019-07-22 19:13:44', '2019-07-22 19:13:44', 26, 2, 1),
(164, '1.6', NULL, NULL, '193050.00', 21, NULL, 'CHARMANT APPARTEMENT 2 CHAMBRES AU 1 ETAGE AVEC BELLE TERRASSE SITUE AU CALME, très lumineux avec de Grande baies vitrées, tout confort , cuisine équipée , salle de bain, chaudière individuelle haut rendement ., situation près des commerces. COUP DE COEUR ASSURE Renseignements au 0487/750.306.', 99, 1, 2, NULL, NULL, NULL, NULL, NULL, NULL, NULL, NULL, NULL, NULL, NULL, NULL, NULL, NULL, NULL, NULL, NULL, NULL, NULL, NULL, NULL, NULL, NULL, '2019-07-22 19:13:44', '2019-07-22 19:13:44', 26, 2, 1),
(165, '1.7', NULL, NULL, '183500.00', 21, NULL, 'MAGNIFIQUE APPARTEMENT 2 CHAMBRES AVEC TERRASSE , très lumineux avec de Grandes baies vitrées, tout confort , cuisine équipée , salle de bain, chaudière individuelle haut rendement .  PROCHE DE COMMERCES ET DES TRANSPORTS EN COMMUNS . COUP DE CŒUR ASSURE. Renseignements au 0487/750.306.', 91, 1, 2, NULL, NULL, NULL, NULL, NULL, NULL, NULL, NULL, NULL, NULL, NULL, NULL, NULL, NULL, NULL, NULL, NULL, NULL, NULL, NULL, NULL, NULL, NULL, '2019-07-22 19:13:44', '2019-07-22 19:13:44', 26, 2, 1),
(166, '1.8', NULL, NULL, '220350.00', 21, NULL, '', 113, 1, 2, NULL, NULL, NULL, NULL, NULL, NULL, NULL, NULL, NULL, NULL, NULL, NULL, NULL, NULL, NULL, NULL, NULL, NULL, NULL, NULL, NULL, NULL, NULL, '2019-07-22 19:13:44', '2019-07-22 19:13:44', 26, 2, 1),
(167, '2.1', NULL, NULL, '198500.00', 21, NULL, 'MAGNIFIQUE APPARTEMENT 2 CHAMBRE AU 2 ETAGE AVEC GRANDE TERRASSE , très lumineux avec de Grandes baies vitrées, tout confort , cuisine équipée , salle de bain, chaudière individuelle haut rendement .  PROCHE DE COMMERCES ET DES TRANSPORTS EN COMMUNS . COUP DE CŒUR ASSURE. Renseignements au 0487/750.306.', 103, 1, 2, NULL, NULL, NULL, NULL, NULL, NULL, NULL, NULL, NULL, NULL, NULL, NULL, NULL, NULL, NULL, NULL, NULL, NULL, NULL, NULL, NULL, NULL, NULL, '2019-07-22 19:13:44', '2019-07-22 19:13:44', 26, 2, 1),
(168, '2.2', NULL, NULL, '187200.00', 21, NULL, 'CHARMANT APPARTEMENT 2 CHAMBRES AVEC BELLE TERRASSE SITUE AU CALME ,superbe vue, très lumineux avec de Grandes baies vitrées, tout confort , cuisine équipée , salle de bain, chaudière haut rendement individuelle., situation près des commerces et des transports en commun. COUP DE COEUR ASSURE Renseignements au 0487/750.306.', 96, 1, 2, NULL, NULL, NULL, NULL, NULL, NULL, NULL, NULL, NULL, NULL, NULL, NULL, NULL, NULL, NULL, NULL, NULL, NULL, NULL, NULL, NULL, NULL, NULL, '2019-07-22 19:13:44', '2019-07-22 19:13:44', 26, 2, 1),
(169, '2.3', NULL, NULL, '165000.00', 21, NULL, 'CHARMANT APPARTEMENT 2 CHAMBRES AU 2 ETGAE AVEC GRANDETERRASSE AU CALME, très lumineux avec de Grande baies vitrées, tout confort , cuisine équipée , salle de bain, chaudière individuelle haut rendement. Renseignements au 0487/750.306.\n ', 82, 1, 2, NULL, NULL, NULL, NULL, NULL, NULL, NULL, NULL, NULL, NULL, NULL, NULL, NULL, NULL, NULL, NULL, NULL, NULL, NULL, NULL, NULL, NULL, NULL, '2019-07-22 19:13:44', '2019-07-22 19:13:44', 26, 2, 1),
(170, '2.4', NULL, NULL, '189000.00', 21, NULL, 'MAGNIFIQUE APPARTEMENT 2 CHAMBRE AU 2 ETGAE AVEC TERRASSE , très lumineux avec de Grandes baies vitrées, tout confort , cuisine équipée , salle de bain, chaudière individuelle haut rendement .  PROCHE DE COMMERCES ET DES TRANSPORTS EN COMMUNS . COUP DE CŒUR ASSURE. Renseignements au 0487/750.306.', 99, 1, 2, NULL, NULL, NULL, NULL, NULL, NULL, NULL, NULL, NULL, NULL, NULL, NULL, NULL, NULL, NULL, NULL, NULL, NULL, NULL, NULL, NULL, NULL, NULL, '2019-07-22 19:13:44', '2019-07-22 19:13:44', 26, 2, 1),
(171, '2.5', NULL, NULL, '189000.00', 21, NULL, 'MAGNIFIQUE APPARTEMENT 2 CHAMBRE AVEC TERRASSE , très lumineux avec de Grandes baies vitrées, tout confort , cuisine équipée , salle de bain, chaudière individuelle haut rendement .  PROCHE DE COMMERCES ET DES TRANSPORTS EN COMMUNS . COUP DE CŒUR ASSURE. Renseignements au 0487/750.306.', 95, 1, 2, NULL, NULL, NULL, NULL, NULL, NULL, NULL, NULL, NULL, NULL, NULL, NULL, NULL, NULL, NULL, NULL, NULL, NULL, NULL, NULL, NULL, NULL, NULL, '2019-07-22 19:13:44', '2019-07-22 19:13:44', 26, 2, 1),
(172, '3.1', NULL, NULL, '170000.00', 21, NULL, 'MAGNIFIQUE APPARTEMENT 1 CHAMBRE AU 3 ETAGE SITUE AU CALME  , avec balcon , très lumineux avec de Grandes baies vitrées, tout confort , cuisine équipée , salle de bain, chaudière individuelle haut rendement .  PROCHE DE COMMERCES ET DES TRANSPORTS EN COMMUNS . COUP DE CŒUR ASSURE. Renseignements au 0487/750.306.', 96.88, 1, 2, NULL, NULL, NULL, NULL, NULL, NULL, NULL, NULL, NULL, NULL, NULL, NULL, NULL, NULL, NULL, NULL, NULL, NULL, NULL, NULL, NULL, NULL, NULL, '2019-07-22 19:13:44', '2019-07-22 19:13:44', 26, 2, 1),
(173, '3.2', NULL, NULL, '165000.00', 21, NULL, 'MAGNIFIQUE APPARTEMENT 1 CHAMBRE SITUE AU CALME , avec balcon , très lumineux avec de Grandes baies vitrées, tout confort , cuisine équipée , salle de bain, chaudière individuelle haut rendement .  PROCHE DE COMMERCES ET DES TRANSPORTS EN COMMUNS . COUP DE CŒUR ASSURE. Renseignements au 0487/750.306.', 91.07, 1, 2, NULL, NULL, NULL, NULL, NULL, NULL, NULL, NULL, NULL, NULL, NULL, NULL, NULL, NULL, NULL, NULL, NULL, NULL, NULL, NULL, NULL, NULL, NULL, '2019-07-22 19:13:44', '2019-07-22 19:13:44', 26, 2, 1),
(174, '3.3', NULL, NULL, '149500.00', 21, NULL, 'MAGNIFIQUE APPARTEMENT 1 CHAMBRE SITUE AU CALME , avec balcon , très lumineux avec de Grandes baies vitrées, tout confort , cuisine équipée , salle de bain, chaudière individuelle haut rendement .  PROCHE DE COMMERCES ET DES TRANSPORTS EN COMMUNS . COUP DE CŒUR ASSURE. Renseignements au 0487/750.306.', 81.5, 1, 2, NULL, NULL, NULL, NULL, NULL, NULL, NULL, NULL, NULL, NULL, NULL, NULL, NULL, NULL, NULL, NULL, NULL, NULL, NULL, NULL, NULL, NULL, NULL, '2019-07-22 19:13:44', '2019-07-22 19:13:44', 26, 2, 1),
(175, '3.4', NULL, NULL, '164500.00', 21, NULL, 'MAGNIFIQUE APPARTEMENT 1 CHAMBRE SITUE AU CALME , avec balcon , très lumineux avec de Grandes baies vitrées, tout confort , cuisine équipée , salle de bain, chaudière individuelle haut rendement .  PROCHE DE COMMERCES ET DES TRANSPORTS EN COMMUNS . COUP DE CŒUR ASSURE. Renseignements au 0487/750.306.', 91.6, 1, 2, NULL, NULL, NULL, NULL, NULL, NULL, NULL, NULL, NULL, NULL, NULL, NULL, NULL, NULL, NULL, NULL, NULL, NULL, NULL, NULL, NULL, NULL, NULL, '2019-07-22 19:13:44', '2019-07-22 19:13:44', 26, 2, 1),
(176, '3.5', NULL, NULL, '125000.00', 21, NULL, 'MAGNIFIQUE APPARTEMENT 1 CHAMBRE SITUE AU CALME , avec balcon , très lumineux avec de Grandes baies vitrées, tout confort , cuisine équipée , salle de bain, chaudière individuelle haut rendement .  PROCHE DE COMMERCES ET DES TRANSPORTS EN COMMUNS . COUP DE CŒUR ASSURE. Renseignements au 0487/750.306.\n ', 68.4, 1, 2, NULL, NULL, NULL, NULL, NULL, NULL, NULL, NULL, NULL, NULL, NULL, NULL, NULL, NULL, NULL, NULL, NULL, NULL, NULL, NULL, NULL, NULL, NULL, '2019-07-22 19:13:44', '2019-07-22 19:13:44', 26, 2, 1),
(177, 'R.1', NULL, NULL, '135000.00', 21, NULL, '', 71, 1, 0, NULL, NULL, NULL, NULL, NULL, NULL, NULL, NULL, NULL, NULL, NULL, NULL, NULL, NULL, NULL, NULL, NULL, NULL, NULL, NULL, NULL, NULL, NULL, '2019-07-22 19:13:44', '2019-07-22 19:13:44', 27, 2, 1),
(178, 'R.2', NULL, NULL, '185000.00', 21, NULL, '', 96, 1, 2, NULL, NULL, NULL, NULL, NULL, NULL, NULL, NULL, NULL, NULL, NULL, NULL, NULL, NULL, NULL, NULL, NULL, NULL, NULL, NULL, NULL, NULL, NULL, '2019-07-22 19:13:44', '2019-07-22 19:13:44', 27, 2, 1),
(179, 'R.3', NULL, NULL, '196600.00', 21, NULL, '', 98.3, 1, 2, NULL, NULL, NULL, NULL, NULL, NULL, NULL, NULL, NULL, NULL, NULL, NULL, NULL, NULL, NULL, NULL, NULL, NULL, NULL, NULL, NULL, NULL, NULL, '2019-07-22 19:13:44', '2019-07-22 19:13:44', 27, 2, 1),
(180, 'R.4', NULL, NULL, '135000.00', 21, NULL, '', 71, 1, 2, NULL, NULL, NULL, NULL, NULL, NULL, NULL, NULL, NULL, NULL, NULL, NULL, NULL, NULL, NULL, NULL, NULL, NULL, NULL, NULL, NULL, NULL, NULL, '2019-07-22 19:13:44', '2019-07-22 19:13:44', 27, 2, 1),
(181, '1.1', NULL, NULL, '145000.00', 21, NULL, '', 71.4, 1, 2, NULL, NULL, NULL, NULL, NULL, NULL, NULL, NULL, NULL, NULL, NULL, NULL, NULL, NULL, NULL, NULL, NULL, NULL, NULL, NULL, NULL, NULL, NULL, '2019-07-22 19:13:44', '2019-07-22 19:13:44', 27, 2, 1),
(182, '1.2', NULL, NULL, '183000.00', 21, NULL, '', 96.7, 1, 2, NULL, NULL, NULL, NULL, NULL, NULL, NULL, NULL, NULL, NULL, NULL, NULL, NULL, NULL, NULL, NULL, NULL, NULL, NULL, NULL, NULL, NULL, NULL, '2019-07-22 19:13:44', '2019-07-22 19:13:44', 27, 2, 1),
(183, '1.3', NULL, NULL, '194520.00', 21, NULL, '', 97.2, 1, 2, NULL, NULL, NULL, NULL, NULL, NULL, NULL, NULL, NULL, NULL, NULL, NULL, NULL, NULL, NULL, NULL, NULL, NULL, NULL, NULL, NULL, NULL, NULL, '2019-07-22 19:13:44', '2019-07-22 19:13:44', 27, 2, 1),
(184, '1.4', NULL, NULL, '187500.00', 21, NULL, '', 94.58, 1, 2, NULL, NULL, NULL, NULL, NULL, NULL, NULL, NULL, NULL, NULL, NULL, NULL, NULL, NULL, NULL, NULL, NULL, NULL, NULL, NULL, NULL, NULL, NULL, '2019-07-22 19:13:44', '2019-07-22 19:13:44', 27, 2, 1),
(185, '1.5', NULL, NULL, '137500.00', 21, NULL, '', 67.5, 1, 2, NULL, NULL, NULL, NULL, NULL, NULL, NULL, NULL, NULL, NULL, NULL, NULL, NULL, NULL, NULL, NULL, NULL, NULL, NULL, NULL, NULL, NULL, NULL, '2019-07-22 19:13:44', '2019-07-22 19:13:44', 27, 2, 1),
(186, '2.1', NULL, NULL, '142860.00', 21, NULL, 'Agréable appartement une chambre au deuxième étage avec balcon.', 71.4, 1, 0, NULL, NULL, NULL, NULL, NULL, NULL, NULL, NULL, NULL, NULL, NULL, NULL, NULL, NULL, NULL, NULL, NULL, NULL, NULL, NULL, NULL, NULL, NULL, '2019-07-22 19:13:44', '2019-07-22 19:13:44', 27, 2, 1),
(187, '2.2', NULL, NULL, '180000.00', 21, NULL, '', 96.7, 1, 2, NULL, NULL, NULL, NULL, NULL, NULL, NULL, NULL, NULL, NULL, NULL, NULL, NULL, NULL, NULL, NULL, NULL, NULL, NULL, NULL, NULL, NULL, NULL, '2019-07-22 19:13:44', '2019-07-22 19:13:44', 27, 2, 1),
(188, '2.3', NULL, NULL, '180000.00', 21, NULL, '', 97.2, 1, 2, NULL, NULL, NULL, NULL, NULL, NULL, NULL, NULL, NULL, NULL, NULL, NULL, NULL, NULL, NULL, NULL, NULL, NULL, NULL, NULL, NULL, NULL, NULL, '2019-07-22 19:13:44', '2019-07-22 19:13:44', 27, 2, 1),
(189, '2.4', NULL, NULL, '194500.00', 21, NULL, '', 94.58, 1, 2, NULL, NULL, NULL, NULL, NULL, NULL, NULL, NULL, NULL, NULL, NULL, NULL, NULL, NULL, NULL, NULL, NULL, NULL, NULL, NULL, NULL, NULL, NULL, '2019-07-22 19:13:44', '2019-07-22 19:13:44', 27, 2, 1),
(190, '2.5', NULL, NULL, '137500.00', 21, NULL, '', 67.5, 1, 2, NULL, NULL, NULL, NULL, NULL, NULL, NULL, NULL, NULL, NULL, NULL, NULL, NULL, NULL, NULL, NULL, NULL, NULL, NULL, NULL, NULL, NULL, NULL, '2019-07-22 19:13:44', '2019-07-22 19:13:44', 27, 2, 1),
(191, '3.1', NULL, NULL, '200000.00', 21, NULL, '', 150, 1, 2, NULL, NULL, NULL, NULL, NULL, NULL, NULL, NULL, NULL, NULL, NULL, NULL, NULL, NULL, NULL, NULL, NULL, NULL, NULL, NULL, NULL, NULL, NULL, '2019-07-22 19:13:44', '2019-07-22 19:13:44', 27, 2, 1),
(192, 'APP / R.1', NULL, NULL, '239500.00', 21, NULL, 'Agréable appartement fonctionnel situé au rez de chaussée, séjour très lumineux avec une belle vue arrière , terrasse de 10 m² ,3 chambres,salle de bain, buanderie, cave. Aménagement intérieur sur mesure. COUP DE COEUR ASSURE....', 114.27, 1, 2, NULL, NULL, NULL, NULL, NULL, NULL, NULL, NULL, NULL, NULL, NULL, NULL, NULL, NULL, NULL, NULL, NULL, NULL, NULL, NULL, NULL, NULL, NULL, '2019-07-22 19:13:44', '2019-07-22 19:13:44', 28, 2, 1),
(193, 'APP. / R.2', NULL, NULL, '228540.00', 21, NULL, 'Agréable appartement situé au rez de chaussée arrière , grande terrasse au calme avec jardin privatif ,très belle vue dégagée , beau séjour lumineux, cuisine hyper équipée . Aménagement intérieur sur mesure,salle de bain avec douche, buanderie,cave .', 114.27, 1, 2, NULL, NULL, NULL, NULL, NULL, NULL, NULL, NULL, NULL, NULL, NULL, NULL, NULL, NULL, NULL, NULL, NULL, NULL, NULL, NULL, NULL, NULL, NULL, '2019-07-22 19:13:44', '2019-07-22 19:13:44', 28, 2, 1),
(194, 'APP / R.3', NULL, NULL, '206500.00', 21, NULL, 'Agréable appartement situé au rez de chaussée avant , grande terrasse avec jardin privativf,beau séjour lumineux, cuisine hyper équipée . Aménagement intérieur sur mesure,salle de bain avec douche, buanderie,cave', 91, 1, 2, NULL, NULL, NULL, NULL, NULL, NULL, NULL, NULL, NULL, NULL, NULL, NULL, NULL, NULL, NULL, NULL, NULL, NULL, NULL, NULL, NULL, NULL, NULL, '2019-07-22 19:13:44', '2019-07-22 19:13:44', 28, 2, 1),
(195, 'APP / R.4', NULL, NULL, '228500.00', 21, NULL, 'Agréable appartement situé au rez de chaussée arrière & avant, grande terrasses (2*10 m²) au calme avec jardin privatif ,très belle vue dégagée , beau séjour lumineux, cuisine hyper équipée. Aménagement intérieur sur mesure,salle de bain avec douche, buanderie,dressing , 2 wc,cave .', 104, 1, 2, NULL, NULL, NULL, NULL, NULL, NULL, NULL, NULL, NULL, NULL, NULL, NULL, NULL, NULL, NULL, NULL, NULL, NULL, NULL, NULL, NULL, NULL, NULL, '2019-07-22 19:13:44', '2019-07-22 19:13:44', 28, 2, 1),
(196, 'APP / R.5', NULL, NULL, '271180.00', 21, NULL, 'Agréable appartement situé au rez de chaussée comprenant deux terrasses de 20m² + 6 m² jardins privatifs, belle vue dégagée au calme ,3 chambres,salle de bain, buanderie, cave. Aménagement intérieur sur mesure. COUP DE COEUR ASSURE....', 135.59, 1, 2, NULL, NULL, NULL, NULL, NULL, NULL, NULL, NULL, NULL, NULL, NULL, NULL, NULL, NULL, NULL, NULL, NULL, NULL, NULL, NULL, NULL, NULL, NULL, '2019-07-22 19:13:44', '2019-07-22 19:13:44', 28, 2, 1),
(197, 'APP / 1.1', NULL, NULL, '279800.00', 21, NULL, 'Très bel appartement situé au première étage, avec un séjour fonctionnel très lumineux ,terrasses de 10 m² + 6 m² ,3 chambres,salle de bain, buanderie, cave. Aménagement intérieur sur mesure. COUP DE COEUR ASSURE....', 139, 1, 2, NULL, NULL, NULL, NULL, NULL, NULL, NULL, NULL, NULL, NULL, NULL, NULL, NULL, NULL, NULL, NULL, NULL, NULL, NULL, NULL, NULL, NULL, NULL, '2019-07-22 19:13:44', '2019-07-22 19:13:44', 28, 2, 1),
(198, 'APP / 1.2', NULL, NULL, '243000.00', 21, NULL, 'Agréable appartement situé au première étage arrière , belle terrasse au calme très belle vue dégagée , beau séjour lumineux, cuisine hyper équipée . Aménagement intérieur sur mesure,salle de bain avec douche, buanderie,cave . COUP DE COEUR ..', 114.2, 1, 2, NULL, NULL, NULL, NULL, NULL, NULL, NULL, NULL, NULL, NULL, NULL, NULL, NULL, NULL, NULL, NULL, NULL, NULL, NULL, NULL, NULL, NULL, NULL, '2019-07-22 19:13:44', '2019-07-22 19:13:44', 28, 2, 1),
(199, 'APP / 1.3', NULL, NULL, '206500.00', 21, NULL, 'Agréable appartement très fonctionnel ,situé au première étage avant , belle terrasse , beau séjour lumineux, cuisine hyper équipée . Aménagement intérieur sur mesure,salle de bain avec douche, buanderie,cave .', 90.28, 1, 2, NULL, NULL, NULL, NULL, NULL, NULL, NULL, NULL, NULL, NULL, NULL, NULL, NULL, NULL, NULL, NULL, NULL, NULL, NULL, NULL, NULL, NULL, NULL, '2019-07-22 19:13:44', '2019-07-22 19:13:44', 28, 2, 1),
(200, 'APP / 1.4', NULL, NULL, '218500.00', 21, NULL, 'Très bel appartement fonctionnel ,situé au première étage avant et arrière , 2 belles terrasses ,très belle vue dégagée , beau séjour lumineux, Cuisine hyper équipée . Aménagement intérieur sur mesure,salle de bain avec douche, buanderie,dressing,2 wc,cave .', 104.46, 1, 2, NULL, NULL, NULL, NULL, NULL, NULL, NULL, NULL, NULL, NULL, NULL, NULL, NULL, NULL, NULL, NULL, NULL, NULL, NULL, NULL, NULL, NULL, NULL, '2019-07-22 19:13:44', '2019-07-22 19:13:44', 28, 2, 1),
(201, 'APP / 1.5 ', NULL, NULL, '250380.00', 21, NULL, '\nTrès bel appartement situé au première étage, avec un séjour au calme bénéficiant de très belles vues ,terrasse de 10 m² ,3 chambres également au calme dont une avec terrasse de 7m²,salle de bain avec douche, buanderie, cave. Aménagement intérieur sur mesure. COUP DE COEUR ASSURE....\n', 125.19, 1, 2, NULL, NULL, NULL, NULL, NULL, NULL, NULL, NULL, NULL, NULL, NULL, NULL, NULL, NULL, NULL, NULL, NULL, NULL, NULL, NULL, NULL, NULL, NULL, '2019-07-22 19:13:44', '2019-07-22 19:13:44', 28, 2, 1),
(202, 'APP / 2.1', NULL, NULL, '255000.00', 21, NULL, 'Très bel appartement  situé au deuxième étage, avec un séjour fonctionnel agrémenter de deux magnifiques terrasses de 20 et 10 m² ,3 chambres,salle de bain, buanderie, cave.Aménagement intérieur sur mesure. SITUATION EXCEPTIONNELLE... ', 115, 1, 2, NULL, NULL, NULL, NULL, NULL, NULL, NULL, NULL, NULL, NULL, NULL, NULL, NULL, NULL, NULL, NULL, NULL, NULL, NULL, NULL, NULL, NULL, NULL, '2019-07-22 19:13:44', '2019-07-22 19:13:44', 28, 2, 1),
(203, 'APP / 2.2', NULL, NULL, '228540.00', 21, NULL, 'Agréable appartement  situé au deuxième étage arrière , belle terrasse ,très belle vue dégagée au calme , beau séjour lumineux, cuisine hyper équipée .Aménagement intérieur sur mesure,salle de bain avec douche, buanderie,cave .', 114.24, 1, 2, NULL, NULL, NULL, NULL, NULL, NULL, NULL, NULL, NULL, NULL, NULL, NULL, NULL, NULL, NULL, NULL, NULL, NULL, NULL, NULL, NULL, NULL, NULL, '2019-07-22 19:13:44', '2019-07-22 19:13:44', 28, 2, 1),
(204, 'APP / 2.3 ', NULL, NULL, '207000.00', 21, NULL, 'Agréable appartement très fonctionnel, situé au deuxième étage avant , belle terrasse bien orientée, beau séjour lumineux, cuisine hyper équipée .Aménagement intérieur sur mesure,salle de bain avec douche, buanderie,cave .', 90.28, 1, 2, NULL, NULL, NULL, NULL, NULL, NULL, NULL, NULL, NULL, NULL, NULL, NULL, NULL, NULL, NULL, NULL, NULL, NULL, NULL, NULL, NULL, NULL, NULL, '2019-07-22 19:13:44', '2019-07-22 19:13:44', 28, 2, 1),
(205, 'APP / 2.4', NULL, NULL, '218500.00', 21, NULL, 'Agréable appartement situé au deuxième étage avant et arrière , 2 belles terrasses ,très belle vue dégagée , beau séjour lumineux, cuisine hyper équipée .Aménagement intérieur sur mesure,salle de bain avec douche, buanderie,dressing,2 wc,cave .', 105, 1, 2, NULL, NULL, NULL, NULL, NULL, NULL, NULL, NULL, NULL, NULL, NULL, NULL, NULL, NULL, NULL, NULL, NULL, NULL, NULL, NULL, NULL, NULL, NULL, '2019-07-22 19:13:44', '2019-07-22 19:13:44', 28, 2, 1),
(206, 'APP/ 2.5', NULL, NULL, '345000.00', 21, NULL, 'Appartement  d\'exception situé au deuxième étage, bénéficiant  d\'un grand séjour très lumineux suivi d\'une terrasses de 30 m² bien orientée + deux autres de 11 & 8 m², cuisine avec coin repas,3 chambres,1 coin cosy ,salle de bain,,dressing buanderie, cave.Aménagement intérieur sur mesure. COUP DE COEUR ASSURE....', 181, 1, 2, NULL, NULL, NULL, NULL, NULL, NULL, NULL, NULL, NULL, NULL, NULL, NULL, NULL, NULL, NULL, NULL, NULL, NULL, NULL, NULL, NULL, NULL, NULL, '2019-07-22 19:13:44', '2019-07-22 19:13:44', 28, 2, 1),
(207, 'R.1', NULL, NULL, '249500.00', 21, NULL, 'Agréable appartement situé au rez de chaussée arrière & avant, grande terrasses 15 m² au calme vue dégagée , beau séjour lumineux, cuisine hyper équipée. Aménagement intérieur sur mesure,salle de bain avec douche, buanderie, cave .', 128, 1, 2, NULL, NULL, NULL, NULL, NULL, NULL, NULL, NULL, NULL, NULL, NULL, NULL, NULL, NULL, NULL, NULL, NULL, NULL, NULL, NULL, NULL, NULL, NULL, '2019-07-22 19:13:44', '2019-07-22 19:13:44', 29, 2, 1),
(208, 'R.2', NULL, NULL, '192000.00', 21, NULL, 'Agréable appartement très fonctionnel ,situé au première étage avant , belle terrasse , beau séjour lumineux, cuisine hyper équipée . Aménagement intérieur sur mesure,salle de bain avec douche, buanderie,cave .', 92, 1, 2, NULL, NULL, NULL, NULL, NULL, NULL, NULL, NULL, NULL, NULL, NULL, NULL, NULL, NULL, NULL, NULL, NULL, NULL, NULL, NULL, NULL, NULL, NULL, '2019-07-22 19:13:44', '2019-07-22 19:13:44', 29, 2, 1),
(209, 'R.3', NULL, NULL, '242000.00', 21, NULL, 'Agréable appartement situé au rez de chaussée arrière ,très grande terrasses 30 m² au calme vue dégagée , beau séjour lumineux, cuisine hyper équipée. Aménagement intérieur sur mesure,salle de bain avec douche, buanderie, cave .', 121, 1, 2, NULL, NULL, NULL, NULL, NULL, NULL, NULL, NULL, NULL, NULL, NULL, NULL, NULL, NULL, NULL, NULL, NULL, NULL, NULL, NULL, NULL, NULL, NULL, '2019-07-22 19:13:44', '2019-07-22 19:13:44', 29, 2, 1),
(210, '1.1', NULL, NULL, '243200.00', 21, NULL, 'Agréable appartement situé au première étage, terrasses 10 m² au calme vue dégagée , grand séjour lumineux, cuisine hyper équipée. Aménagement intérieur sur mesure,salle de bain avec douche, buanderie, cave .', 128, 1, 2, NULL, NULL, NULL, NULL, NULL, NULL, NULL, NULL, NULL, NULL, NULL, NULL, NULL, NULL, NULL, NULL, NULL, NULL, NULL, NULL, NULL, NULL, NULL, '2019-07-22 19:13:44', '2019-07-22 19:13:44', 29, 2, 1),
(211, '1.2', NULL, NULL, '205000.00', 21, NULL, 'Agréable appartement très fonctionnel ,situé au première étage avant , belle terrasse , beau séjour lumineux, cuisine hyper équipée . Aménagement intérieur sur mesure,salle de bain avec douche, buanderie,cave .', 102, 1, 2, NULL, NULL, NULL, NULL, NULL, NULL, NULL, NULL, NULL, NULL, NULL, NULL, NULL, NULL, NULL, NULL, NULL, NULL, NULL, NULL, NULL, NULL, NULL, '2019-07-22 19:13:44', '2019-07-22 19:13:44', 29, 2, 1),
(212, '1.3', NULL, NULL, '239500.00', 21, NULL, 'Très bel appartement situé au première étage, avec un séjour luminuex agrémenter d\'une magnifique terrasse de 20 ,3 chambres,salle de bain, buanderie, cave. Aménagement intérieur sur mesure. SITUATION EXCEPTIONNELLE..', 123, 1, 2, NULL, NULL, NULL, NULL, NULL, NULL, NULL, NULL, NULL, NULL, NULL, NULL, NULL, NULL, NULL, NULL, NULL, NULL, NULL, NULL, NULL, NULL, NULL, '2019-07-22 19:13:44', '2019-07-22 19:13:44', 29, 2, 1),
(213, '2.1', NULL, NULL, '249500.00', 21, NULL, 'Splendide appartement situé au deuxième étage arrière & avant, grande terrasses 20m² au calme vue dégagée , beau séjour lumineux, cuisine hyper équipée. Aménagement intérieur sur mesure,salle de bain avec douche, buanderie, cave .COUP DE COEUR...........', 128, 1, 2, NULL, NULL, NULL, NULL, NULL, NULL, NULL, NULL, NULL, NULL, NULL, NULL, NULL, NULL, NULL, NULL, NULL, NULL, NULL, NULL, NULL, NULL, NULL, '2019-07-22 19:13:44', '2019-07-22 19:13:44', 29, 2, 1),
(214, '2.2', NULL, NULL, '257500.00', 21, NULL, 'Appartement d\'exception situé au deuxième étage, superbe vues, bénéficiant d\'un grand séjour très lumineux suivi d\'une terrasses de 40 m² bien orientée, cuisine ,3 chambres,salle de bain,buanderie, cave. Aménagement intérieur sur mesure. COUP DE COEUR ASSURE....', 132, 1, 2, NULL, NULL, NULL, NULL, NULL, NULL, NULL, NULL, NULL, NULL, NULL, NULL, NULL, NULL, NULL, NULL, NULL, NULL, NULL, NULL, NULL, NULL, NULL, '2019-07-22 19:13:44', '2019-07-22 19:13:44', 29, 2, 1),
(215, '1.6', NULL, NULL, '276200.00', 21, NULL, '', 138, 1, 2, NULL, NULL, NULL, NULL, NULL, NULL, NULL, NULL, NULL, NULL, NULL, NULL, NULL, NULL, NULL, NULL, NULL, NULL, NULL, NULL, NULL, NULL, NULL, '2019-07-22 19:13:44', '2019-07-22 19:13:44', 28, 2, 1),
(216, 'MAISON 1', NULL, NULL, '268500.00', 21, NULL, 'Maison n°1 : prix en 3 chambres ,accès sur le côté (3 façades) possibilité d\'aménager les combles (une ou deux chambres + salle de bain avec grenier ou dressing).\nSuperficie du terrain 05 a 17 ca.\nCar-port pour deux voitures.', 160, 1, 0, NULL, NULL, NULL, NULL, NULL, NULL, NULL, NULL, NULL, NULL, NULL, NULL, NULL, NULL, NULL, NULL, NULL, NULL, NULL, NULL, NULL, NULL, NULL, '2019-07-22 19:13:44', '2019-07-22 19:13:44', 30, 1, 1),
(217, 'MAISONS N°2', NULL, NULL, '259500.00', 21, NULL, 'Maison n°2  : prix en 3 chambres ,(2 façades) possibilité d\'aménager les combles (une ou deux chambres + salle de bain avec grenier ou dressing).\nSuperficie du terrain 09a 35 ca.\nCar-port pour une voiture.\n ', 160, 1, 2, NULL, NULL, NULL, NULL, NULL, NULL, NULL, NULL, NULL, NULL, NULL, NULL, NULL, NULL, NULL, NULL, NULL, NULL, NULL, NULL, NULL, NULL, NULL, '2019-07-22 19:13:44', '2019-07-22 19:13:44', 30, 1, 1),
(218, 'MAISON N°3', NULL, NULL, '0.00', 21, NULL, ' ', 0, 1, 2, NULL, NULL, NULL, NULL, NULL, NULL, NULL, NULL, NULL, NULL, NULL, NULL, NULL, NULL, NULL, NULL, NULL, NULL, NULL, NULL, NULL, NULL, NULL, '2019-07-22 19:13:44', '2019-07-22 19:13:44', 30, 1, 1),
(219, 'MAISON N° 4', NULL, NULL, '287000.00', 21, NULL, 'Maison n°4: prix en 5 chambres , deux salle de bain ,accès sur le côté (3 façades) \nSuperficie du terrain 07 a 34 ca.\nCar-port pour deux voitures.', 210, 1, 2, NULL, NULL, NULL, NULL, NULL, NULL, NULL, NULL, NULL, NULL, NULL, NULL, NULL, NULL, NULL, NULL, NULL, NULL, NULL, NULL, NULL, NULL, NULL, '2019-07-22 19:13:44', '2019-07-22 19:13:44', 30, 1, 1),
(220, 'MAISON N°5', NULL, NULL, '252500.00', 21, NULL, 'Maison n°5  : prix en 3 chambres ,(2 façades) possibilité d\'aménager les combles (une ou deux chambres + salle de bain avec grenier ou dressing).\nSuperficie du terrain 03a 52 ca.\nCar-port pour une voiture.\n ', 160, 1, 0, NULL, NULL, NULL, NULL, NULL, NULL, NULL, NULL, NULL, NULL, NULL, NULL, NULL, NULL, NULL, NULL, NULL, NULL, NULL, NULL, NULL, NULL, NULL, '2019-07-22 19:13:44', '2019-07-22 19:13:44', 30, 1, 1),
(221, 'MAISON N°6', NULL, NULL, '0.00', 21, NULL, ' ', 0, 1, 2, NULL, NULL, NULL, NULL, NULL, NULL, NULL, NULL, NULL, NULL, NULL, NULL, NULL, NULL, NULL, NULL, NULL, NULL, NULL, NULL, NULL, NULL, NULL, '2019-07-22 19:13:44', '2019-07-22 19:13:44', 30, 1, 1),
(222, 'R.1', NULL, NULL, '189500.00', 21, NULL, 'Bel appartement situé au rez de chaussée avec terrasse , deux chambres ,beau séjour lumineux cuisine hyper équipée , salle de bain .Aménagement intérieur sur mesure, cahier des charges rigoureux . .', 97.04, 1, 0, NULL, NULL, NULL, NULL, NULL, NULL, NULL, NULL, NULL, NULL, NULL, NULL, NULL, NULL, NULL, NULL, NULL, NULL, NULL, NULL, NULL, NULL, NULL, '2019-07-22 19:13:44', '2019-07-22 19:13:44', 31, 2, 1),
(223, 'R.2', NULL, NULL, '229000.00', 21, NULL, 'Agréable appartement très fonctionnel ,situé au rez de chaussée , belle terrasse au calme , beau séjour lumineux, cuisine hyper équipée . Aménagement intérieur sur mesure,salle de bain avec douche, buanderie,cave .', 114.87, 1, 0, NULL, NULL, NULL, NULL, NULL, NULL, NULL, NULL, NULL, NULL, NULL, NULL, NULL, NULL, NULL, NULL, NULL, NULL, NULL, NULL, NULL, NULL, NULL, '2019-07-22 19:13:44', '2019-07-22 19:13:44', 31, 2, 1),
(224, 'R.3', NULL, NULL, '194000.00', 21, NULL, 'Agréable appartement très fonctionnel ,situé au rez de chaussée arrière , belle terrasse au calme , beau séjour lumineux, cuisine hyper équipée . Aménagement intérieur sur mesure,salle de bain avec douche, buanderie,cave .', 92.14, 1, 0, NULL, NULL, NULL, NULL, NULL, NULL, NULL, NULL, NULL, NULL, NULL, NULL, NULL, NULL, NULL, NULL, NULL, NULL, NULL, NULL, NULL, NULL, NULL, '2019-07-22 19:13:44', '2019-07-22 19:13:44', 31, 2, 1),
(225, 'R.4', NULL, NULL, '235000.00', 21, NULL, 'Très bel appartement 3 chambres ,situé au rez de chaussée arrière  ,grande terrasse , beau séjour lumineux, cuisine hyper équipée . Aménagement intérieur sur mesure,salle de bain avec douche, buanderie,cave .', 117.53, 1, 2, NULL, NULL, NULL, NULL, NULL, NULL, NULL, NULL, NULL, NULL, NULL, NULL, NULL, NULL, NULL, NULL, NULL, NULL, NULL, NULL, NULL, NULL, NULL, '2019-07-22 19:13:44', '2019-07-22 19:13:44', 31, 2, 1),
(226, 'R.5', NULL, NULL, '188000.00', 21, NULL, 'Agréable appartement fonctionnelle situé au rez de chaussée, terrasse de 10 m² ,3 chambres,salle de bain, buanderie, cave.Aménagement intérieur sur mesure. COUP DE COEUR ASSURE....\n ', 95.58, 1, 2, NULL, NULL, NULL, NULL, NULL, NULL, NULL, NULL, NULL, NULL, NULL, NULL, NULL, NULL, NULL, NULL, NULL, NULL, NULL, NULL, NULL, NULL, NULL, '2019-07-22 19:13:44', '2019-07-22 19:13:44', 31, 2, 1),
(227, '1.1', NULL, NULL, '194000.00', 21, NULL, 'Agréable appartement très fonctionnel ,situé au première étage , beau séjour lumineux, cuisine hyper équipée . Aménagement intérieur sur mesure,salle de bain avec douche, buanderie,cave .', 97.57, 1, 0, NULL, NULL, NULL, NULL, NULL, NULL, NULL, NULL, NULL, NULL, NULL, NULL, NULL, NULL, NULL, NULL, NULL, NULL, NULL, NULL, NULL, NULL, NULL, '2019-07-22 19:13:44', '2019-07-22 19:13:44', 31, 2, 1),
(228, '1.2', NULL, NULL, '229000.00', 21, NULL, 'Agréable appartement très fonctionnel ,situé première étage , belle terrasse au calme , beau séjour lumineux, cuisine hyper équipée . Aménagement intérieur sur mesure,salle de bain avec douche, buanderie,cave .', 114.87, 1, 2, NULL, NULL, NULL, NULL, NULL, NULL, NULL, NULL, NULL, NULL, NULL, NULL, NULL, NULL, NULL, NULL, NULL, NULL, NULL, NULL, NULL, NULL, NULL, '2019-07-22 19:13:44', '2019-07-22 19:13:44', 31, 2, 1);
INSERT INTO `realties` (`id`, `realty_title`, `realty_facades_number`, `realty_floor`, `realty_net_price`, `realty_vat`, `realty_short_description`, `realty_long_description`, `realty_surface`, `realty_active_online`, `realty_status`, `realty_availability`, `realty_start_diffusion_date`, `realty_kitchen_surface`, `realty_kitchen_type`, `realty_bedrooms`, `realty_bathrooms`, `realty_showers`, `realty_terrace_surface`, `realty_terrace_orientation`, `realty_living_surface`, `realty_dining_room_surface`, `realty_attic_surface`, `realty_office_surface`, `realty_cellar_surface`, `realty_freelance_surface`, `realty_garden_surface`, `realty_wc_number`, `realty_acoustic_isolation`, `realty_security_system`, `realty_door_phone`, `realty_videophone`, `realty_security_door`, `realty_laundry`, `createdAt`, `updatedAt`, `ProjectId`, `RealtytypeId`, `RealtycontracttypeId`) VALUES
(229, '1.3', NULL, NULL, '194000.00', 21, NULL, 'Agréable appartement très fonctionnel ,situé au première étage, belle terrasse au calme , séjour lumineux, cuisine hyper équipée . Aménagement intérieur sur mesure,salle de bain avec douche, buanderie,cave .', 92.14, 1, 0, NULL, NULL, NULL, NULL, NULL, NULL, NULL, NULL, NULL, NULL, NULL, NULL, NULL, NULL, NULL, NULL, NULL, NULL, NULL, NULL, NULL, NULL, NULL, '2019-07-22 19:13:44', '2019-07-22 19:13:44', 31, 2, 1),
(230, '1.4', NULL, NULL, '235000.00', 21, NULL, '\nTrès bel appartement 3 chambres ,situé au première éage arrière  , terrasse au calme , beau séjour lumineux, cuisine hyper équipée . Aménagement intérieur sur mesure,salle de bain avec douche, buanderie,cave .\n', 117.53, 1, 0, NULL, NULL, NULL, NULL, NULL, NULL, NULL, NULL, NULL, NULL, NULL, NULL, NULL, NULL, NULL, NULL, NULL, NULL, NULL, NULL, NULL, NULL, NULL, '2019-07-22 19:13:44', '2019-07-22 19:13:44', 31, 2, 1),
(231, '1.5', NULL, NULL, '194000.00', 21, NULL, 'Très bel appartement 2 chambres ,situé au première étage  ,terrasse , beau séjour lumineux, cuisine hyper équipée . Aménagement intérieur sur mesure,salle de bain avec douche, buanderie,cave .', 93.13, 1, 2, NULL, NULL, NULL, NULL, NULL, NULL, NULL, NULL, NULL, NULL, NULL, NULL, NULL, NULL, NULL, NULL, NULL, NULL, NULL, NULL, NULL, NULL, NULL, '2019-07-22 19:13:44', '2019-07-22 19:13:44', 31, 2, 1),
(232, '2.1', NULL, NULL, '342000.00', 21, NULL, 'Appartement  d\'exception situé au deuxième étage, bénéficiant  d\'un grand séjour très lumineux suivi d\'une terrasse de 30 m² bien orientée et plusieurs balcons  , cuisine avec coin repas,3 chambres,1 coin cosy-bureau ,1 salle de bain avec belle vue , 1 salle de douche, buanderie, cave.Aménagement intérieur sur mesure. COUP DE COEUR ASSURE....', 201.35, 1, 2, NULL, NULL, NULL, NULL, NULL, NULL, NULL, NULL, NULL, NULL, NULL, NULL, NULL, NULL, NULL, NULL, NULL, NULL, NULL, NULL, NULL, NULL, NULL, '2019-07-22 19:13:44', '2019-07-22 19:13:44', 31, 2, 1),
(233, '2.2', NULL, NULL, '269000.00', 21, NULL, 'Très bel Appartement  situé au deuxième étage, bénéficiant  d\'un grand séjour très lumineux suivi d\'une terrasse de 30 m² bien orientée et d\'un balcon  , cuisine avec coin repas, 2 chambres, salle de bain avec douche, buanderie, cave.Aménagement intérieur sur mesure. COUP DE COEUR ASSURE....', 136.16, 1, 2, NULL, NULL, NULL, NULL, NULL, NULL, NULL, NULL, NULL, NULL, NULL, NULL, NULL, NULL, NULL, NULL, NULL, NULL, NULL, NULL, NULL, NULL, NULL, '2019-07-22 19:13:44', '2019-07-22 19:13:44', 31, 2, 1),
(234, 'R.1', NULL, NULL, '169000.00', 21, NULL, 'Appartement d\'une chambre ;cuisine équipée , séjour spaciaux , salle de bain , buanderie , cave.', 69.8, 1, 0, NULL, NULL, NULL, NULL, NULL, NULL, NULL, NULL, NULL, NULL, NULL, NULL, NULL, NULL, NULL, NULL, NULL, NULL, NULL, NULL, NULL, NULL, NULL, '2019-07-22 19:13:44', '2019-07-22 19:13:44', 32, 2, 1),
(235, 'R.2', NULL, NULL, '227000.00', 21, NULL, 'Appartement 2 chambres situé au rez arrière, cuisine super équipée, terrasse très spacieuse belle orientation, salle de bain avec douche, buanderie, cave en sous-sol.\nCOUP DE COEUR ASSURE \n ', 99, 1, 0, NULL, NULL, NULL, NULL, NULL, NULL, NULL, NULL, NULL, NULL, NULL, NULL, NULL, NULL, NULL, NULL, NULL, NULL, NULL, NULL, NULL, NULL, NULL, '2019-07-22 19:13:44', '2019-07-22 19:13:44', 32, 1, 1),
(236, 'R.3', NULL, NULL, '235400.00', 21, NULL, 'Appartement 2 chambres, très beau séjour, grande terrasse orientée sud-ouest, appartement tout confort. Cave en sous-sol. ', 100, 1, 2, NULL, NULL, NULL, NULL, NULL, NULL, NULL, NULL, NULL, NULL, NULL, NULL, NULL, NULL, NULL, NULL, NULL, NULL, NULL, NULL, NULL, NULL, NULL, '2019-07-22 19:13:44', '2019-07-22 19:13:44', 32, 2, 1),
(237, 'R.4', NULL, NULL, '169500.00', 21, NULL, 'Agréable appartement très fonctionnel ,situé au rez de chaussée bénéficient d\'une grande terrasse orientée sud ouest , beau séjour lumineux, cuisine hyper équipée . Aménagement intérieur sur mesure,salle de bain avec douche, buanderie,cave ', 74.2, 1, 0, NULL, NULL, NULL, NULL, NULL, NULL, NULL, NULL, NULL, NULL, NULL, NULL, NULL, NULL, NULL, NULL, NULL, NULL, NULL, NULL, NULL, NULL, NULL, '2019-07-22 19:13:44', '2019-07-22 19:13:44', 32, 2, 1),
(238, '1.1', NULL, NULL, '169000.00', 21, NULL, 'Agréable appartement très fonctionnel ,situé au première étage avant ,  terrasse  , beau séjour lumineux, cuisine hyper équipée . Aménagement intérieur sur mesure,salle de bain, buanderie,cave ', 71, 1, 0, NULL, NULL, NULL, NULL, NULL, NULL, NULL, NULL, NULL, NULL, NULL, NULL, NULL, NULL, NULL, NULL, NULL, NULL, NULL, NULL, NULL, NULL, NULL, '2019-07-22 19:13:44', '2019-07-22 19:13:44', 32, 2, 1),
(239, '1.2', NULL, NULL, '227500.00', 21, NULL, 'Agréable appartement très fonctionnel ,situé au première étage arrière , belle terrasse au calme orientation sud  , beau séjour lumineux, cuisine hyper équipée . Aménagement intérieur sur mesure,salle de bain avec douche, buanderie,cave ', 97.9, 1, 0, NULL, NULL, NULL, NULL, NULL, NULL, NULL, NULL, NULL, NULL, NULL, NULL, NULL, NULL, NULL, NULL, NULL, NULL, NULL, NULL, NULL, NULL, NULL, '2019-07-22 19:13:44', '2019-07-22 19:13:44', 32, 2, 1),
(240, '1.3', NULL, NULL, '228500.00', 21, NULL, 'Splendide appartement situé au première étage arrière  belle terrasse 10m² au calme  , beau séjour lumineux, cuisine hyper équipée. Aménagement intérieur sur mesure,salle de bain avec douche, buanderie, cave .COUP DE COEUR...........', 101.2, 1, 0, NULL, NULL, NULL, NULL, NULL, NULL, NULL, NULL, NULL, NULL, NULL, NULL, NULL, NULL, NULL, NULL, NULL, NULL, NULL, NULL, NULL, NULL, NULL, '2019-07-22 19:13:44', '2019-07-22 19:13:44', 32, 2, 1),
(241, '1.4', NULL, NULL, '227500.00', 21, NULL, 'très bel appartement situé au première étage 3 façades,  terrasses 10m² au calme vue dégagée , beau séjour lumineux, cuisine hyper équipée. Aménagement intérieur sur mesure,salle de bain avec douche, buanderie, cave .', 98.4, 1, 0, NULL, NULL, NULL, NULL, NULL, NULL, NULL, NULL, NULL, NULL, NULL, NULL, NULL, NULL, NULL, NULL, NULL, NULL, NULL, NULL, NULL, NULL, NULL, '2019-07-22 19:13:44', '2019-07-22 19:13:44', 32, 2, 1),
(242, '2.1', NULL, NULL, '169000.00', 21, NULL, '\nAppartement situé au deuxième étage avant, terrasse, beau séjour lumineux, cuisine hyper équipée. Aménagement intérieur sur mesure, salle de bain avec douche, buanderie, cave . TRES FONCTIONNELLE ...........\n', 71, 1, 0, NULL, NULL, NULL, NULL, NULL, NULL, NULL, NULL, NULL, NULL, NULL, NULL, NULL, NULL, NULL, NULL, NULL, NULL, NULL, NULL, NULL, NULL, NULL, '2019-07-22 19:13:44', '2019-07-22 19:13:44', 32, 2, 1),
(243, '2.2', NULL, NULL, '195800.00', 21, NULL, 'Très bel Appartement situé au deuxième étage avant et arrière, terrasse SUD  , beau séjour lumineux, cuisine hyper équipée. Aménagement intérieur sur mesure, salle de bain avec douche, buanderie, cave . COUP DE COEUR ....', 97.9, 1, 0, NULL, NULL, NULL, NULL, NULL, NULL, NULL, NULL, NULL, NULL, NULL, NULL, NULL, NULL, NULL, NULL, NULL, NULL, NULL, NULL, NULL, NULL, NULL, '2019-07-22 19:13:44', '2019-07-22 19:13:44', 32, 2, 1),
(244, '2.3', NULL, NULL, '228500.00', 21, NULL, '', 101.2, 1, 0, NULL, NULL, NULL, NULL, NULL, NULL, NULL, NULL, NULL, NULL, NULL, NULL, NULL, NULL, NULL, NULL, NULL, NULL, NULL, NULL, NULL, NULL, NULL, '2019-07-22 19:13:44', '2019-07-22 19:13:44', 32, 2, 1),
(245, '2.4', NULL, NULL, '227500.00', 21, NULL, 'très bel appartement situé au deuxième étage 3 façades, terrasses 10m² au calme vue dégagée , beau séjour lumineux, cuisine hyper équipée. Aménagement intérieur sur mesure,salle de bain avec douche, buanderie, cave .', 98.4, 1, 2, NULL, NULL, NULL, NULL, NULL, NULL, NULL, NULL, NULL, NULL, NULL, NULL, NULL, NULL, NULL, NULL, NULL, NULL, NULL, NULL, NULL, NULL, NULL, '2019-07-22 19:13:44', '2019-07-22 19:13:44', 32, 2, 1),
(246, '3.1', NULL, NULL, '281500.00', 21, NULL, 'Très bel Appartement Penthouse   situé au troisième étage, bénéficiant  d\'un grand séjour très lumineux suivi d\'une terrasse de 15 m² bien orientée , cuisine avec coin repas, 3 chambres, salle de bain avec douche, buanderie, cave.Aménagement intérieur sur mesure. TRES BELLE VUES .....COUP DE COEUR ASSURE....', 138.27, 1, 0, NULL, NULL, NULL, NULL, NULL, NULL, NULL, NULL, NULL, NULL, NULL, NULL, NULL, NULL, NULL, NULL, NULL, NULL, NULL, NULL, NULL, NULL, NULL, '2019-07-22 19:13:44', '2019-07-22 19:13:44', 32, 2, 1),
(247, '3.2', NULL, NULL, '289100.00', 21, NULL, 'Penthouse  situé au troisième étage, bénéficiant d\'une très belle vue en plein coeur de Soignies , grand séjour très lumineux suivi d\'une terrasse de 29 m²  orientée sud ouest , cuisine avec coin repas, 3chambres, salle de bain avec douche, buanderie, cave.Aménagement intérieur sur mesure. BIEN D\'EXCEPTION', 131.42, 1, 0, NULL, NULL, NULL, NULL, NULL, NULL, NULL, NULL, NULL, NULL, NULL, NULL, NULL, NULL, NULL, NULL, NULL, NULL, NULL, NULL, NULL, NULL, NULL, '2019-07-22 19:13:44', '2019-07-22 19:13:44', 32, 2, 1);

-- --------------------------------------------------------

--
-- Structure de la table `realtycontracttypes`
--

CREATE TABLE `realtycontracttypes` (
  `id` int(11) NOT NULL,
  `label` varchar(100) DEFAULT NULL,
  `code` varchar(30) DEFAULT NULL,
  `createdAt` datetime NOT NULL,
  `updatedAt` datetime NOT NULL
) ENGINE=InnoDB DEFAULT CHARSET=utf8mb4;

--
-- Contenu de la table `realtycontracttypes`
--

INSERT INTO `realtycontracttypes` (`id`, `label`, `code`, `createdAt`, `updatedAt`) VALUES
(1, 'Vente', '0', '2019-07-22 19:13:38', '2019-07-22 19:13:38'),
(2, 'Location', '1', '2019-07-22 19:13:38', '2019-07-22 19:13:38');

-- --------------------------------------------------------

--
-- Structure de la table `realtytypes`
--

CREATE TABLE `realtytypes` (
  `id` int(11) NOT NULL,
  `label` varchar(100) DEFAULT NULL,
  `code` varchar(30) DEFAULT NULL,
  `createdAt` datetime NOT NULL,
  `updatedAt` datetime NOT NULL
) ENGINE=InnoDB DEFAULT CHARSET=utf8mb4;

--
-- Contenu de la table `realtytypes`
--

INSERT INTO `realtytypes` (`id`, `label`, `code`, `createdAt`, `updatedAt`) VALUES
(1, 'Maison', '0000', '2019-07-22 19:13:38', '2019-07-22 19:13:38'),
(2, 'Appartements', '5001', '2019-07-22 19:13:38', '2019-07-22 19:13:38'),
(3, 'Flat/Studio', '5005', '2019-07-22 19:13:38', '2019-07-22 19:13:38'),
(4, 'Loft', '5007', '2019-07-22 19:13:38', '2019-07-22 19:13:38'),
(5, 'Duplex', '5003', '2019-07-22 19:13:38', '2019-07-22 19:13:38'),
(6, 'Triplex', '5004', '2019-07-22 19:13:38', '2019-07-22 19:13:38'),
(7, 'Rez-de-chaussée', '5002', '2019-07-22 19:13:38', '2019-07-22 19:13:38'),
(8, 'Penthouse', '5006', '2019-07-22 19:13:38', '2019-07-22 19:13:38'),
(9, 'Kot', '5008', '2019-07-22 19:13:38', '2019-07-22 19:13:38'),
(10, 'Séniorie', '5009', '2019-07-22 19:13:38', '2019-07-22 19:13:38'),
(11, 'Surface commerciale', '1234', '2019-07-22 19:13:38', '2019-07-22 19:13:38');

-- --------------------------------------------------------

--
-- Structure de la table `roles`
--

CREATE TABLE `roles` (
  `id` int(11) NOT NULL,
  `name` varchar(255) DEFAULT NULL,
  `createdAt` datetime NOT NULL,
  `updatedAt` datetime NOT NULL
) ENGINE=InnoDB DEFAULT CHARSET=utf8mb4;

--
-- Contenu de la table `roles`
--

INSERT INTO `roles` (`id`, `name`, `createdAt`, `updatedAt`) VALUES
(1, 'USER', '2019-07-22 17:09:33', '2019-07-22 17:09:33'),
(2, 'CLIENT', '2019-07-22 17:09:33', '2019-07-22 17:09:33'),
(3, 'PARTNER', '2019-07-22 17:09:33', '2019-07-22 17:09:33'),
(4, 'ADMIN', '2019-07-22 17:09:33', '2019-07-22 17:09:33'),
(5, 'GOD', '2019-07-22 17:09:33', '2019-07-22 17:09:33');

-- --------------------------------------------------------

--
-- Structure de la table `users`
--

CREATE TABLE `users` (
  `id` int(11) NOT NULL,
  `firstname` varchar(255) NOT NULL,
  `lastname` varchar(255) NOT NULL,
  `email` varchar(255) NOT NULL,
  `username` varchar(255) NOT NULL,
  `password` varchar(255) NOT NULL,
  `avatar` varchar(255) DEFAULT NULL,
  `createdAt` datetime NOT NULL,
  `updatedAt` datetime NOT NULL
) ENGINE=InnoDB DEFAULT CHARSET=utf8mb4;

--
-- Contenu de la table `users`
--

INSERT INTO `users` (`id`, `firstname`, `lastname`, `email`, `username`, `password`, `avatar`, `createdAt`, `updatedAt`) VALUES
(1, 'Emmanuel', 'Pain', 'info@absolute-fx.com', 'info@absolute-fx.com', '$2a$08$HrbSGYVg/vgFr8iiY0/FR.HVlJbxyLD70NvQ23mTQBekc.dt04mX6', NULL, '2019-07-22 17:11:43', '2019-07-22 17:11:43');

-- --------------------------------------------------------

--
-- Structure de la table `user_roles`
--

CREATE TABLE `user_roles` (
  `createdAt` datetime NOT NULL,
  `updatedAt` datetime NOT NULL,
  `roleId` int(11) NOT NULL,
  `userId` int(11) NOT NULL
) ENGINE=InnoDB DEFAULT CHARSET=utf8mb4;

--
-- Contenu de la table `user_roles`
--

INSERT INTO `user_roles` (`createdAt`, `updatedAt`, `roleId`, `userId`) VALUES
('2019-07-22 17:11:43', '2019-07-22 17:11:43', 4, 1);

--
-- Index pour les tables exportées
--

--
-- Index pour la table `libraries`
--
ALTER TABLE `libraries`
  ADD PRIMARY KEY (`id`),
  ADD KEY `LibrarycategoryId` (`LibrarycategoryId`),
  ADD KEY `UserId` (`UserId`);

--
-- Index pour la table `librarycategories`
--
ALTER TABLE `librarycategories`
  ADD PRIMARY KEY (`id`);

--
-- Index pour la table `phases`
--
ALTER TABLE `phases`
  ADD PRIMARY KEY (`id`),
  ADD UNIQUE KEY `title` (`title`);

--
-- Index pour la table `projects`
--
ALTER TABLE `projects`
  ADD PRIMARY KEY (`id`),
  ADD UNIQUE KEY `project_title` (`project_title`),
  ADD KEY `ProjecttypeId` (`ProjecttypeId`);

--
-- Index pour la table `projecttypes`
--
ALTER TABLE `projecttypes`
  ADD PRIMARY KEY (`id`);

--
-- Index pour la table `project_phases`
--
ALTER TABLE `project_phases`
  ADD PRIMARY KEY (`project_id`,`phase_id`),
  ADD KEY `phase_id` (`phase_id`);

--
-- Index pour la table `realties`
--
ALTER TABLE `realties`
  ADD PRIMARY KEY (`id`),
  ADD KEY `ProjectId` (`ProjectId`),
  ADD KEY `RealtytypeId` (`RealtytypeId`),
  ADD KEY `RealtycontracttypeId` (`RealtycontracttypeId`);

--
-- Index pour la table `realtycontracttypes`
--
ALTER TABLE `realtycontracttypes`
  ADD PRIMARY KEY (`id`);

--
-- Index pour la table `realtytypes`
--
ALTER TABLE `realtytypes`
  ADD PRIMARY KEY (`id`);

--
-- Index pour la table `roles`
--
ALTER TABLE `roles`
  ADD PRIMARY KEY (`id`);

--
-- Index pour la table `users`
--
ALTER TABLE `users`
  ADD PRIMARY KEY (`id`);

--
-- Index pour la table `user_roles`
--
ALTER TABLE `user_roles`
  ADD PRIMARY KEY (`roleId`,`userId`),
  ADD KEY `userId` (`userId`);

--
-- AUTO_INCREMENT pour les tables exportées
--

--
-- AUTO_INCREMENT pour la table `libraries`
--
ALTER TABLE `libraries`
  MODIFY `id` int(11) NOT NULL AUTO_INCREMENT, AUTO_INCREMENT=1807;
--
-- AUTO_INCREMENT pour la table `librarycategories`
--
ALTER TABLE `librarycategories`
  MODIFY `id` int(11) NOT NULL AUTO_INCREMENT, AUTO_INCREMENT=210;
--
-- AUTO_INCREMENT pour la table `phases`
--
ALTER TABLE `phases`
  MODIFY `id` int(11) NOT NULL AUTO_INCREMENT, AUTO_INCREMENT=35;
--
-- AUTO_INCREMENT pour la table `projects`
--
ALTER TABLE `projects`
  MODIFY `id` int(11) NOT NULL AUTO_INCREMENT, AUTO_INCREMENT=33;
--
-- AUTO_INCREMENT pour la table `projecttypes`
--
ALTER TABLE `projecttypes`
  MODIFY `id` int(11) NOT NULL AUTO_INCREMENT, AUTO_INCREMENT=4;
--
-- AUTO_INCREMENT pour la table `realties`
--
ALTER TABLE `realties`
  MODIFY `id` int(11) NOT NULL AUTO_INCREMENT, AUTO_INCREMENT=248;
--
-- AUTO_INCREMENT pour la table `realtycontracttypes`
--
ALTER TABLE `realtycontracttypes`
  MODIFY `id` int(11) NOT NULL AUTO_INCREMENT, AUTO_INCREMENT=3;
--
-- AUTO_INCREMENT pour la table `realtytypes`
--
ALTER TABLE `realtytypes`
  MODIFY `id` int(11) NOT NULL AUTO_INCREMENT, AUTO_INCREMENT=12;
--
-- AUTO_INCREMENT pour la table `users`
--
ALTER TABLE `users`
  MODIFY `id` int(11) NOT NULL AUTO_INCREMENT, AUTO_INCREMENT=2;
--
-- Contraintes pour les tables exportées
--

--
-- Contraintes pour la table `libraries`
--
ALTER TABLE `libraries`
  ADD CONSTRAINT `libraries_ibfk_1` FOREIGN KEY (`LibrarycategoryId`) REFERENCES `librarycategories` (`id`) ON DELETE SET NULL ON UPDATE CASCADE,
  ADD CONSTRAINT `libraries_ibfk_2` FOREIGN KEY (`UserId`) REFERENCES `users` (`id`) ON DELETE SET NULL ON UPDATE CASCADE;

--
-- Contraintes pour la table `projects`
--
ALTER TABLE `projects`
  ADD CONSTRAINT `projects_ibfk_1` FOREIGN KEY (`ProjecttypeId`) REFERENCES `projecttypes` (`id`) ON DELETE SET NULL ON UPDATE CASCADE;

--
-- Contraintes pour la table `project_phases`
--
ALTER TABLE `project_phases`
  ADD CONSTRAINT `project_phases_ibfk_1` FOREIGN KEY (`project_id`) REFERENCES `projects` (`id`) ON DELETE CASCADE ON UPDATE CASCADE,
  ADD CONSTRAINT `project_phases_ibfk_2` FOREIGN KEY (`phase_id`) REFERENCES `phases` (`id`) ON DELETE CASCADE ON UPDATE CASCADE;

--
-- Contraintes pour la table `realties`
--
ALTER TABLE `realties`
  ADD CONSTRAINT `realties_ibfk_1` FOREIGN KEY (`ProjectId`) REFERENCES `projects` (`id`) ON DELETE SET NULL ON UPDATE CASCADE,
  ADD CONSTRAINT `realties_ibfk_2` FOREIGN KEY (`RealtytypeId`) REFERENCES `realtytypes` (`id`) ON DELETE SET NULL ON UPDATE CASCADE,
  ADD CONSTRAINT `realties_ibfk_3` FOREIGN KEY (`RealtycontracttypeId`) REFERENCES `realtycontracttypes` (`id`) ON DELETE SET NULL ON UPDATE CASCADE;

--
-- Contraintes pour la table `user_roles`
--
ALTER TABLE `user_roles`
  ADD CONSTRAINT `user_roles_ibfk_1` FOREIGN KEY (`roleId`) REFERENCES `roles` (`id`) ON DELETE CASCADE ON UPDATE CASCADE,
  ADD CONSTRAINT `user_roles_ibfk_2` FOREIGN KEY (`userId`) REFERENCES `users` (`id`) ON DELETE CASCADE ON UPDATE CASCADE;

/*!40101 SET CHARACTER_SET_CLIENT=@OLD_CHARACTER_SET_CLIENT */;
/*!40101 SET CHARACTER_SET_RESULTS=@OLD_CHARACTER_SET_RESULTS */;
/*!40101 SET COLLATION_CONNECTION=@OLD_COLLATION_CONNECTION */;
